method,n_real,n_syn,seed,train_sample_count,acc,macro_f1,f1_normal_machining,f1_lead_screw_anomaly,f1_base_imbalance,confusion
real_only,10,0,0,30,0.35390946502057613,0.34987979552586296,0.4101123595505618,0.3625,0.27702702702702703,"[[73,41,52],[59,58,49],[58,55,41]]"
noise_aug,10,10,0,60,0.41358024691358025,0.41014473859932316,0.4594594594594595,0.4013377926421405,0.3696369636963696,"[[85,28,53],[66,60,40],[53,45,56]]"
s_c_llm,10,10,0,60,0.4567901234567901,0.4474275685520142,0.44171779141104295,0.5087281795511222,0.39183673469387753,"[[72,74,20],[41,102,23],[47,59,48]]"
real_only,10,0,1,30,0.3868312757201646,0.37945229373800804,0.4512820512820513,0.3333333333333333,0.35374149659863946,"[[88,46,32],[62,48,56],[74,28,52]]"
noise_aug,10,10,1,60,0.46296296296296297,0.4600485933819267,0.5257142857142857,0.4369230769230769,0.4175084175084175,"[[92,45,29],[43,71,52],[49,43,62]]"
s_c_llm,10,10,1,60,0.4691358024691358,0.4622657843099534,0.4620253164556962,0.5319148936170213,0.39285714285714285,"[[73,55,38],[33,100,33],[44,55,55]]"
real_only,10,0,2,30,0.3374485596707819,0.3340607675802678,0.3237410071942446,0.36923076923076925,0.3092105263157895,"[[45,87,34],[25,72,69],[42,65,47]]"
noise_aug,10,10,2,60,0.345679012345679,0.33107860860934557,0.3,0.4302600472813239,0.2629757785467128,"[[39,90,37],[15,91,60],[40,76,38]]"
s_c_llm,10,10,2,60,0.4094650205761317,0.4060339417893113,0.5134328358208955,0.37714285714285717,0.32752613240418116,"[[86,52,28],[42,66,58],[41,66,47]]"
real_only,10,0,3,30,0.4588477366255144,0.44739821568616267,0.4807121661721068,0.5268817204301075,0.33460076045627374,"[[81,57,28],[31,98,37],[59,51,44]]"
noise_aug,10,10,3,60,0.5329218106995884,0.5259657898115003,0.6062322946175638,0.5272206303724928,0.4444444444444444,"[[107,44,15],[33,92,41],[47,47,60]]"
s_c_llm,10,10,3,60,0.48148148148148145,0.4865265409885693,0.5015873015873016,0.4088397790055249,0.5491525423728814,"[[79,75,12],[44,74,48],[26,47,81]]"
real_only,10,0,4,30,0.34156378600823045,0.3422191839296098,0.35782747603833864,0.32972972972972975,0.3391003460207612,"[[56,81,29],[48,61,57],[43,62,49]]"
noise_aug,10,10,4,60,0.411522633744856,0.4020742712139918,0.28938906752411575,0.4988009592326139,0.4180327868852459,"[[45,102,19],[42,104,20],[58,45,51]]"
s_c_llm,10,10,4,60,0.49176954732510286,0.4912549518158367,0.5211726384364821,0.4161490683229814,0.5364431486880467,"[[80,48,38],[40,67,59],[21,41,92]]"
real_only,10,0,5,30,0.44238683127572015,0.4416986783332459,0.4868421052631579,0.47863247863247865,0.35962145110410093,"[[74,41,51],[27,84,55],[37,60,57]]"
noise_aug,10,10,5,60,0.4053497942386831,0.40550488001468393,0.46405228758169936,0.41595441595441596,0.33650793650793653,"[[71,42,53],[38,73,55],[31,70,53]]"
s_c_llm,10,10,5,60,0.5390946502057613,0.5425286436727115,0.5694915254237288,0.44886363636363635,0.6092307692307692,"[[84,61,21],[36,79,51],[9,46,99]]"
real_only,10,0,6,30,0.2962962962962963,0.27050745628151485,0.2,0.3807531380753138,0.23076923076923078,"[[26,121,19],[41,91,34],[27,100,27]]"
noise_aug,10,10,6,60,0.2777777777777778,0.266003678676685,0.2603550295857988,0.35142118863049093,0.1862348178137652,"[[44,97,25],[53,68,45],[75,56,23]]"
s_c_llm,10,10,6,60,0.48148148148148145,0.47073435774572286,0.4469914040114613,0.5567010309278351,0.4085106382978723,"[[78,67,21],[46,108,12],[59,47,48]]"
real_only,10,0,7,30,0.4074074074074074,0.40059238391108454,0.5494505494505495,0.29411764705882354,0.3582089552238806,"[[100,55,11],[61,50,55],[37,69,48]]"
noise_aug,10,10,7,60,0.4403292181069959,0.4246162415091485,0.5441860465116279,0.27986348122866894,0.4497991967871486,"[[117,41,8],[94,41,31],[53,45,56]]"
s_c_llm,10,10,7,60,0.4835390946502058,0.48114752899536367,0.5633802816901409,0.38006230529595014,0.5,"[[100,42,24],[61,61,44],[28,52,74]]"
real_only,10,0,8,30,0.40329218106995884,0.40225470570298166,0.43174603174603177,0.31347962382445144,0.46153846153846156,"[[68,53,45],[55,50,61],[26,50,78]]"
noise_aug,10,10,8,60,0.36213991769547327,0.33547943843281897,0.4470588235294118,0.14107883817427386,0.41830065359477125,"[[95,28,43],[104,17,45],[60,30,64]]"
s_c_llm,10,10,8,60,0.3662551440329218,0.36898200601110953,0.44299674267100975,0.30144927536231886,0.3625,"[[68,56,42],[48,52,66],[25,71,58]]"
real_only,10,0,9,30,0.38477366255144035,0.37257130641060304,0.32061068702290074,0.45346062052505964,0.3436426116838488,"[[42,98,26],[10,95,61],[44,60,50]]"
noise_aug,10,10,9,60,0.3497942386831276,0.34148680033455014,0.27796610169491526,0.42025316455696204,0.3262411347517731,"[[41,103,22],[23,83,60],[65,43,46]]"
s_c_llm,10,10,9,60,0.48559670781893005,0.48003465783118626,0.43223443223443225,0.5152224824355972,0.49264705882352944,"[[59,89,18],[23,110,33],[25,62,67]]"
real_only,10,0,10,30,0.37037037037037035,0.3561333319183708,0.4194373401534527,0.4,0.24896265560165975,"[[82,65,19],[60,68,38],[83,41,30]]"
noise_aug,10,10,10,60,0.37037037037037035,0.32673655871974167,0.505175983436853,0.2339622641509434,0.24107142857142858,"[[122,29,15],[107,31,28],[88,39,27]]"
s_c_llm,10,10,10,60,0.5061728395061729,0.4997796738910249,0.553763440860215,0.3832752613240418,0.5623003194888179,"[[103,40,23],[63,55,48],[40,26,88]]"
real_only,10,0,11,30,0.35802469135802467,0.3537817874463653,0.4198895027624309,0.34615384615384615,0.2953020134228188,"[[76,53,37],[49,54,63],[71,39,44]]"
noise_aug,10,10,11,60,0.39711934156378603,0.37564233448426837,0.5129411764705882,0.3176895306859206,0.2962962962962963,"[[109,28,29],[75,44,47],[75,39,40]]"
s_c_llm,10,10,11,60,0.40329218106995884,0.3872930014047855,0.4508670520231214,0.464,0.24701195219123506,"[[78,57,31],[44,87,35],[58,65,31]]"
real_only,10,0,12,30,0.4506172839506173,0.4510192386043617,0.4420289855072464,0.4230769230769231,0.4879518072289157,"[[61,70,35],[27,77,62],[22,51,81]]"
noise_aug,10,10,12,60,0.4835390946502058,0.48605455506871126,0.5916398713826366,0.4035608308605341,0.46296296296296297,"[[92,48,26],[29,68,69],[24,55,75]]"
s_c_llm,10,10,12,60,0.38065843621399176,0.3803667657023084,0.3585434173669468,0.4056338028169014,0.3769230769230769,"[[64,79,23],[60,72,34],[67,38,49]]"
real_only,10,0,13,30,0.33539094650205764,0.32291980679077453,0.22939068100358423,0.4176904176904177,0.32167832167832167,"[[32,95,39],[34,85,47],[47,61,46]]"
noise_aug,10,10,13,60,0.41358024691358025,0.4132792293167258,0.4115755627009646,0.41711229946524064,0.41114982578397213,"[[64,70,32],[46,78,42],[35,60,59]]"
s_c_llm,10,10,13,60,0.4176954732510288,0.4152794607397814,0.4858757062146893,0.3385579937304075,0.4214046822742475,"[[86,50,30],[60,54,52],[42,49,63]]"
real_only,10,0,14,30,0.3559670781893004,0.3449896394435326,0.4213075060532688,0.33217993079584773,0.2814814814814815,"[[87,47,32],[72,48,46],[88,28,38]]"
noise_aug,10,10,14,60,0.3765432098765432,0.3773294987582294,0.34355828220858897,0.3804034582132565,0.4080267558528428,"[[56,71,39],[55,66,45],[49,44,61]]"
s_c_llm,10,10,14,60,0.41358024691358025,0.41409188445234557,0.4332344213649852,0.3696969696969697,0.43934426229508194,"[[73,62,31],[52,61,53],[46,41,67]]"
real_only,10,0,15,30,0.35185185185185186,0.34792123415268916,0.3498542274052478,0.43452380952380953,0.2593856655290102,"[[60,57,49],[41,73,52],[76,40,38]]"
noise_aug,10,10,15,60,0.3786008230452675,0.373356489503899,0.3710144927536232,0.45930232558139533,0.28975265017667845,"[[64,64,38],[37,79,50],[78,35,41]]"
s_c_llm,10,10,15,60,0.43004115226337447,0.4362033450794401,0.508833922261484,0.3848101265822785,0.41496598639455784,"[[72,71,23],[34,76,56],[11,82,61]]"
real_only,10,0,16,30,0.3477366255144033,0.3244853513093078,0.16,0.37092731829573933,0.4425287356321839,"[[18,105,43],[18,74,74],[23,54,77]]"
noise_aug,10,10,16,60,0.35185185185185186,0.3365509540301484,0.24896265560165975,0.31736526946107785,0.4433249370277078,"[[30,74,62],[20,53,93],[25,41,88]]"
s_c_llm,10,10,16,60,0.4794238683127572,0.47789195693374076,0.44363636363636366,0.48346055979643765,0.506578947368421,"[[61,81,24],[22,95,49],[26,51,77]]"
real_only,10,0,17,30,0.40329218106995884,0.39273883224791883,0.37593984962406013,0.35384615384615387,0.4484304932735426,"[[50,28,88],[16,46,104],[34,20,100]]"
noise_aug,10,10,17,60,0.4156378600823045,0.41300718797865626,0.4158415841584158,0.37209302325581395,0.45108695652173914,"[[63,50,53],[32,56,78],[42,29,83]]"
s_c_llm,10,10,17,60,0.5020576131687243,0.5015405173709396,0.498220640569395,0.4619883040935672,0.5444126074498568,"[[70,60,36],[23,79,64],[22,37,95]]"
real_only,10,0,18,30,0.44650205761316875,0.42231361796579187,0.3333333333333333,0.5495495495495496,0.38405797101449274,"[[42,78,46],[21,122,23],[23,78,53]]"
noise_aug,10,10,18,60,0.40329218106995884,0.39564782787309527,0.34532374100719426,0.3713355048859935,0.4702842377260982,"[[48,38,80],[47,57,62],[17,46,91]]"
s_c_llm,10,10,18,60,0.5102880658436214,0.5106136753973463,0.5070422535211268,0.48231511254019294,0.5424836601307189,"[[90,40,36],[58,75,33],[41,30,83]]"
real_only,10,0,19,30,0.360082304526749,0.34828979570352403,0.41309823677581864,0.4129032258064516,0.2188679245283019,"[[82,35,49],[69,64,33],[80,45,29]]"
noise_aug,10,10,19,60,0.39094650205761317,0.38402509925688727,0.4358974358974359,0.4304635761589404,0.2857142857142857,"[[85,36,45],[60,65,41],[79,35,40]]"
s_c_llm,10,10,19,60,0.43209876543209874,0.42652098522199916,0.4648648648648649,0.43258426966292135,0.3821138211382114,"[[86,54,26],[70,77,19],[48,59,47]]"
real_only,10,0,20,30,0.4711934156378601,0.46460858560350343,0.5015290519877675,0.5013192612137203,0.39097744360902253,"[[82,65,19],[30,95,41],[49,53,52]]"
noise_aug,10,10,20,60,0.46296296296296297,0.46150330920086874,0.45425867507886436,0.5058139534883721,0.42443729903536975,"[[72,52,42],[30,87,49],[49,39,66]]"
s_c_llm,10,10,20,60,0.4835390946502058,0.4837867313778815,0.49240121580547114,0.37770897832817335,0.58125,"[[81,64,21],[53,61,52],[29,32,93]]"
real_only,10,0,21,30,0.3786008230452675,0.3676854573406298,0.5027027027027027,0.2413793103448276,0.358974358974359,"[[93,44,29],[58,35,73],[53,45,56]]"
noise_aug,10,10,21,60,0.4218106995884774,0.4140764773234366,0.5191256830601093,0.2972972972972973,0.4258064516129032,"[[95,44,27],[59,44,63],[46,42,66]]"
s_c_llm,10,10,21,60,0.4691358024691358,0.46801904563455715,0.5041095890410959,0.4268292682926829,0.4731182795698925,"[[92,49,25],[62,70,34],[45,43,66]]"
real_only,10,0,22,30,0.2839506172839506,0.2814503679502242,0.23129251700680273,0.3151862464183381,0.2978723404255319,"[[34,74,58],[43,55,68],[51,54,49]]"
noise_aug,10,10,22,60,0.3271604938271605,0.3225461765839604,0.2952029520295203,0.35910224438902744,0.31333333333333335,"[[40,93,33],[28,72,66],[37,70,47]]"
s_c_llm,10,10,22,60,0.43209876543209874,0.4346625618747902,0.46779661016949153,0.37606837606837606,0.4601226993865031,"[[69,67,30],[33,66,67],[27,52,75]]"
real_only,10,0,23,30,0.3395061728395062,0.29202607456776886,0.28859060402684567,0.4721030042918455,0.11538461538461539,"[[43,94,29],[43,110,13],[46,96,12]]"
noise_aug,10,10,23,60,0.32098765432098764,0.28769856991741843,0.2768166089965398,0.44097995545657015,0.1452991452991453,"[[40,98,28],[32,99,35],[51,86,17]]"
s_c_llm,10,10,23,60,0.4403292181069959,0.43410526160201907,0.4672364672364672,0.46153846153846156,0.3735408560311284,"[[82,60,24],[51,84,31],[52,54,48]]"
real_only,10,0,24,30,0.39300411522633744,0.39070524918808863,0.3432343234323432,0.4301675977653631,0.3987138263665595,"[[52,74,40],[34,77,55],[51,41,62]]"
noise_aug,10,10,24,60,0.4156378600823045,0.4098380917068347,0.4731182795698925,0.32413793103448274,0.432258064516129,"[[88,45,33],[63,47,56],[55,32,67]]"
s_c_llm,10,10,24,60,0.45267489711934156,0.45327906229209186,0.47058823529411764,0.43023255813953487,0.45901639344262296,"[[76,60,30],[41,74,51],[40,44,70]]"
real_only,10,0,25,30,0.46502057613168724,0.4639903899877081,0.4642857142857143,0.44360902255639095,0.4840764331210191,"[[91,30,45],[68,59,39],[67,11,76]]"
noise_aug,10,10,25,60,0.49794238683127573,0.49711494338599915,0.4475920679886686,0.5756676557863502,0.46808510638297873,"[[79,52,35],[42,97,27],[66,22,66]]"
s_c_llm,10,10,25,60,0.522633744855967,0.5210828788152922,0.5370843989769821,0.41237113402061853,0.6137931034482759,"[[105,44,17],[76,60,30],[44,21,89]]"
real_only,10,0,26,30,0.31275720164609055,0.30857787686125565,0.35967302452316074,0.296969696969697,0.2690909090909091,"[[66,54,46],[79,49,38],[56,61,37]]"
noise_aug,10,10,26,60,0.3662551440329218,0.3605101115951057,0.40236686390532544,0.38482384823848237,0.2943396226415094,"[[68,63,35],[58,71,37],[46,69,39]]"
s_c_llm,10,10,26,60,0.43621399176954734,0.4370429492784491,0.4369230769230769,0.4273972602739726,0.44680851063829785,"[[71,69,26],[49,78,39],[39,52,63]]"
real_only,10,0,27,30,0.47530864197530864,0.4681220730480992,0.4551282051282051,0.580110497237569,0.3691275167785235,"[[71,49,46],[18,105,43],[57,42,55]]"
noise_aug,10,10,27,60,0.43415637860082307,0.4301078553766462,0.45528455284552843,0.4720496894409938,0.36298932384341637,"[[84,44,38],[52,76,38],[67,36,51]]"
s_c_llm,10,10,27,60,0.46296296296296297,0.4545098803563225,0.5570291777188329,0.4105960264900662,0.39590443686006827,"[[105,29,32],[55,62,49],[51,45,58]]"
real_only,10,0,28,30,0.3786008230452675,0.3703110413296658,0.4530386740331492,0.375366568914956,0.2825278810408922,"[[82,60,24],[49,64,53],[65,51,38]]"
noise_aug,10,10,28,60,0.33127572016460904,0.3290996369642642,0.3652173913043478,0.32132963988919666,0.3007518796992481,"[[63,78,25],[61,58,47],[55,59,40]]"
s_c_llm,10,10,28,60,0.4609053497942387,0.4632006596081905,0.5,0.4306784660766962,0.45892351274787535,"[[70,45,51],[26,73,67],[18,55,81]]"
real_only,10,0,29,30,0.39094650205761317,0.38637178064723293,0.4065573770491803,0.4129353233830846,0.33962264150943394,"[[62,83,21],[38,83,45],[39,70,45]]"
noise_aug,10,10,29,60,0.4218106995884774,0.40699183015966695,0.504297994269341,0.4368421052631579,0.27983539094650206,"[[88,63,15],[43,83,40],[52,68,34]]"
s_c_llm,10,10,29,60,0.5164609053497943,0.5069530871928997,0.5360824742268041,0.5470085470085471,0.43776824034334766,"[[104,50,12],[54,96,16],[64,39,51]]"
real_only,10,0,30,30,0.39300411522633744,0.36352095626060454,0.5055432372505543,0.3122923588039867,0.2727272727272727,"[[114,39,13],[96,47,23],[75,49,30]]"
noise_aug,10,10,30,60,0.3271604938271605,0.3034228188983619,0.44549763033175355,0.26885245901639343,0.19591836734693877,"[[94,42,30],[88,41,37],[74,56,24]]"
s_c_llm,10,10,30,60,0.448559670781893,0.44835854241794837,0.45045045045045046,0.4523809523809524,0.44224422442244227,"[[75,49,42],[50,76,40],[42,45,67]]"
real_only,10,0,31,30,0.39711934156378603,0.39260133748229764,0.44559585492227977,0.35443037974683544,0.37777777777777777,"[[86,48,32],[77,56,33],[57,46,51]]"
noise_aug,10,10,31,60,0.3888888888888889,0.3851524158429529,0.42455242966751916,0.36024844720496896,0.37065637065637064,"[[83,48,35],[86,58,22],[56,50,48]]"
s_c_llm,10,10,31,60,0.44238683127572015,0.4469483481918381,0.43617021276595747,0.41055718475073316,0.49411764705882355,"[[82,64,20],[78,70,18],[50,41,63]]"
real_only,10,0,32,30,0.3395061728395062,0.33504872279224457,0.3850267379679144,0.33440514469453375,0.2857142857142857,"[[72,46,48],[70,52,44],[66,47,41]]"
noise_aug,10,10,32,60,0.3765432098765432,0.35841456582633047,0.416,0.4425770308123249,0.21666666666666667,"[[78,56,32],[59,79,28],[72,56,26]]"
s_c_llm,10,10,32,60,0.448559670781893,0.4466089201153762,0.4598337950138504,0.4519774011299435,0.4280155642023346,"[[83,55,28],[66,80,20],[46,53,55]]"
real_only,10,0,33,30,0.48148148148148145,0.4565649221447345,0.4115755627009646,0.6124401913875598,0.345679012345679,"[[64,70,32],[23,128,15],[58,54,42]]"
noise_aug,10,10,33,60,0.4382716049382716,0.42717824836664714,0.46886446886446886,0.4953271028037383,0.3173431734317343,"[[64,76,26],[12,106,48],[31,80,43]]"
s_c_llm,10,10,33,60,0.47530864197530864,0.4770372531001885,0.4722222222222222,0.430939226519337,0.5279503105590062,"[[68,73,25],[30,78,58],[24,45,85]]"
real_only,10,0,34,30,0.294238683127572,0.2828435490021444,0.3838383838383838,0.2112676056338028,0.2534246575342466,"[[76,42,48],[83,30,53],[71,46,37]]"
noise_aug,10,10,34,60,0.3477366255144033,0.3139092350165654,0.5209302325581395,0.20437956204379562,0.21641791044776118,"[[112,19,35],[88,28,50],[64,61,29]]"
s_c_llm,10,10,34,60,0.3497942386831276,0.3357563015142802,0.421875,0.2084942084942085,0.3768996960486322,"[[81,34,51],[77,27,62],[60,32,62]]"
real_only,10,0,35,30,0.33539094650205764,0.32381373695086385,0.4012345679012346,0.36548223350253806,0.2047244094488189,"[[65,72,29],[49,72,45],[44,84,26]]"
noise_aug,10,10,35,60,0.3765432098765432,0.36479395308515783,0.5136612021857924,0.31952662721893493,0.26119402985074625,"[[94,38,34],[67,54,45],[39,80,35]]"
s_c_llm,10,10,35,60,0.4156378600823045,0.4204103101911067,0.46835443037974683,0.34688346883468835,0.445993031358885,"[[74,71,21],[54,64,48],[22,68,64]]"
real_only,10,0,36,30,0.4074074074074074,0.39375426546022946,0.2857142857142857,0.41496598639455784,0.48058252427184467,"[[38,44,84],[30,61,75],[32,23,99]]"
noise_aug,10,10,36,60,0.38271604938271603,0.3658605428179353,0.2926829268292683,0.3422818791946309,0.46261682242990654,"[[36,49,81],[21,51,94],[23,32,99]]"
s_c_llm,10,10,36,60,0.5349794238683128,0.5322180725706057,0.52,0.4520123839009288,0.6246418338108882,"[[78,54,34],[41,73,52],[15,30,109]]"
real_only,10,0,37,30,0.4156378600823045,0.4148913145568664,0.47337278106508873,0.33540372670807456,0.4358974358974359,"[[80,61,25],[47,54,65],[45,41,68]]"
noise_aug,10,10,37,60,0.41358024691358025,0.4076451232855656,0.5068870523415978,0.32131147540983607,0.39473684210526316,"[[92,51,23],[50,49,67],[55,39,60]]"
s_c_llm,10,10,37,60,0.4794238683127572,0.4813557956382252,0.5046153846153846,0.4117647058823529,0.5276872964169381,"[[82,59,25],[49,70,47],[28,45,81]]"
real_only,10,0,38,30,0.40329218106995884,0.40240681564113,0.4086687306501548,0.45045045045045046,0.34810126582278483,"[[66,48,52],[36,75,55],[55,44,55]]"
noise_aug,10,10,38,60,0.448559670781893,0.44984283219821614,0.4682274247491639,0.46296296296296297,0.4183381088825215,"[[70,38,58],[27,75,64],[36,45,73]]"
s_c_llm,10,10,38,60,0.41975308641975306,0.41043476003261326,0.4913294797687861,0.29739776951672864,0.4425770308123249,"[[85,26,55],[57,40,69],[38,37,79]]"
real_only,10,0,39,30,0.3374485596707819,0.3192071040661917,0.43564356435643564,0.3464052287581699,0.17557251908396945,"[[88,29,49],[77,53,36],[73,58,23]]"
noise_aug,10,10,39,60,0.3436213991769547,0.3112646366924042,0.47191011235955055,0.28975265017667845,0.1721311475409836,"[[105,25,36],[92,41,33],[82,51,21]]"
s_c_llm,10,10,39,60,0.4053497942386831,0.3964461808674131,0.5013333333333333,0.40131578947368424,0.28668941979522183,"[[94,21,51],[59,61,46],[56,56,42]]"
real_only,25,0,0,75,0.5473251028806584,0.5363206110744557,0.4344262295081967,0.5789473684210527,0.5955882352941176,"[[53,89,24],[21,132,13],[4,69,81]]"
noise_aug,25,20,0,135,0.7016460905349794,0.7042943304937128,0.6642599277978339,0.6843373493975904,0.7642857142857142,"[[92,63,11],[16,142,8],[3,44,107]]"
s_c_llm,25,20,0,135,0.6131687242798354,0.6157643366663405,0.5617977528089888,0.594847775175644,0.6906474820143885,"[[75,83,8],[19,127,20],[7,51,96]]"
real_only,25,0,1,75,0.4176954732510288,0.4187074829931973,0.4,0.413265306122449,0.44285714285714284,"[[60,88,18],[39,81,46],[35,57,62]]"
noise_aug,25,20,1,135,0.4012345679012346,0.3991918462216832,0.46006389776357826,0.41208791208791207,0.3254237288135593,"[[72,59,35],[33,75,58],[42,64,48]]"
s_c_llm,25,20,1,135,0.46296296296296297,0.4617981629292902,0.5602409638554217,0.4115942028985507,0.4135593220338983,"[[93,53,20],[35,71,60],[38,55,61]]"
real_only,25,0,2,75,0.49382716049382713,0.4788771551070326,0.5026178010471204,0.546916890080429,0.3870967741935484,"[[96,61,9],[52,102,12],[68,44,42]]"
noise_aug,25,20,2,135,0.4773662551440329,0.47017934041244835,0.5429362880886427,0.45776566757493187,0.4098360655737705,"[[98,55,13],[55,84,27],[42,62,50]]"
s_c_llm,25,20,2,135,0.5576131687242798,0.5578317722870042,0.5619047619047619,0.5436893203883495,0.5679012345679012,"[[118,40,8],[70,84,12],[66,19,69]]"
real_only,25,0,3,75,0.4382716049382716,0.4367798793302149,0.45454545454545453,0.3691275167785235,0.4866666666666667,"[[85,53,28],[66,55,45],[57,24,73]]"
noise_aug,25,20,3,135,0.5679012345679012,0.5729588321761133,0.49056603773584906,0.5498652291105122,0.6784452296819788,"[[78,74,14],[45,102,19],[29,29,96]]"
s_c_llm,25,20,3,135,0.522633744855967,0.5200596688311988,0.5060975609756098,0.38338658146964855,0.6706948640483383,"[[83,66,17],[57,60,49],[22,21,111]]"
real_only,25,0,4,75,0.5205761316872428,0.5158675012286441,0.581039755351682,0.5112781954887218,0.45528455284552843,"[[95,54,17],[45,102,19],[21,77,56]]"
noise_aug,25,20,4,135,0.5349794238683128,0.5247908794853654,0.6120218579234973,0.5179063360881543,0.4444444444444444,"[[112,38,16],[53,94,19],[35,65,54]]"
s_c_llm,25,20,4,135,0.5329218106995884,0.5335358835197556,0.43795620437956206,0.536697247706422,0.6259541984732825,"[[60,95,11],[34,117,15],[14,58,82]]"
real_only,25,0,5,75,0.49382716049382713,0.49491924187194786,0.4897959183673469,0.47619047619047616,0.5187713310580204,"[[84,50,32],[55,80,31],[38,40,76]]"
noise_aug,25,20,5,135,0.5185185185185185,0.5152406844113608,0.5343511450381679,0.5176470588235295,0.49372384937238495,"[[105,45,16],[68,88,10],[54,41,59]]"
s_c_llm,25,20,5,135,0.5802469135802469,0.5859988526892569,0.5365853658536586,0.5498783454987834,0.6715328467153284,"[[77,82,7],[32,113,21],[12,50,92]]"
real_only,25,0,6,75,0.5576131687242798,0.5572394068433949,0.5808219178082191,0.538860103626943,0.5520361990950227,"[[106,55,5],[61,104,1],[32,61,61]]"
noise_aug,25,20,6,135,0.6707818930041153,0.6822095539342339,0.6261398176291794,0.5901639344262295,0.8303249097472925,"[[103,60,3],[53,108,5],[7,32,115]]"
s_c_llm,25,20,6,135,0.5987654320987654,0.6090161972514915,0.5816993464052288,0.5503685503685504,0.694980694980695,"[[89,73,4],[43,112,11],[8,56,90]]"
real_only,25,0,7,75,0.5452674897119342,0.5438908677576665,0.5342960288808665,0.5561224489795918,0.5412541254125413,"[[74,60,32],[22,109,35],[15,57,82]]"
noise_aug,25,20,7,135,0.6316872427983539,0.629558971887795,0.6513157894736842,0.6612021857923497,0.5761589403973509,"[[99,33,34],[18,121,27],[21,46,87]]"
s_c_llm,25,20,7,135,0.522633744855967,0.5236707004033737,0.45,0.5099009900990099,0.6111111111111112,"[[63,88,15],[32,103,31],[19,47,88]]"
real_only,25,0,8,75,0.4279835390946502,0.42544621950056444,0.41496598639455784,0.4971751412429379,0.36419753086419754,"[[61,48,57],[24,88,54],[43,52,59]]"
noise_aug,25,20,8,135,0.5164609053497943,0.48470859688904805,0.20634920634920634,0.6273684210526316,0.6204081632653061,"[[26,127,13],[15,149,2],[45,33,76]]"
s_c_llm,25,20,8,135,0.6131687242798354,0.6220123568593608,0.6094674556213018,0.5449591280653951,0.7116104868913857,"[[103,60,3],[51,100,15],[18,41,95]]"
real_only,25,0,9,75,0.5555555555555556,0.5529990368160559,0.5358255451713395,0.5818181818181818,0.5413533834586466,"[[86,56,24],[38,112,16],[31,51,72]]"
noise_aug,25,20,9,135,0.5432098765432098,0.5256521834204368,0.5611510791366906,0.5872340425531914,0.42857142857142855,"[[78,72,16],[22,138,6],[12,94,48]]"
s_c_llm,25,20,9,135,0.5452674897119342,0.542928855711306,0.4743083003952569,0.5529157667386609,0.6015625,"[[60,96,10],[23,128,15],[4,73,77]]"
real_only,25,0,10,75,0.46296296296296297,0.45129108288125047,0.514745308310992,0.4857142857142857,0.3534136546184739,"[[96,51,19],[49,85,32],[62,48,44]]"
noise_aug,25,20,10,135,0.5020576131687243,0.48389505780736713,0.5458715596330275,0.5153374233128835,0.3904761904761905,"[[119,43,4],[71,84,11],[80,33,41]]"
s_c_llm,25,20,10,135,0.5679012345679012,0.569403392431021,0.6036585365853658,0.5398457583547558,0.5647058823529412,"[[99,60,7],[39,105,22],[24,58,72]]"
real_only,25,0,11,75,0.5329218106995884,0.5357299030227614,0.5036319612590799,0.5696594427244582,0.5338983050847458,"[[104,54,8],[63,92,11],[80,11,63]]"
noise_aug,25,20,11,135,0.5082304526748971,0.4857848221515364,0.5055762081784386,0.5678496868475992,0.38392857142857145,"[[68,81,17],[20,136,10],[15,96,43]]"
s_c_llm,25,20,11,135,0.5082304526748971,0.5137613479536357,0.5234899328859061,0.46582278481012657,0.5519713261648745,"[[78,73,15],[41,92,33],[13,64,77]]"
real_only,25,0,12,75,0.4444444444444444,0.42418435993909637,0.4745762711864407,0.5043988269794721,0.29357798165137616,"[[98,51,17],[65,86,15],[84,38,32]]"
noise_aug,25,20,12,135,0.5679012345679012,0.5692984214817488,0.5647058823529412,0.50920245398773,0.6339869281045751,"[[96,44,26],[54,83,29],[24,33,97]]"
s_c_llm,25,20,12,135,0.5267489711934157,0.5236403862456837,0.5247813411078717,0.42,0.6261398176291794,"[[90,52,24],[55,63,48],[32,19,103]]"
real_only,25,0,13,75,0.4588477366255144,0.443879472693032,0.3983050847457627,0.5130434782608696,0.42028985507246375,"[[47,94,25],[9,118,39],[14,82,58]]"
noise_aug,25,20,13,135,0.5493827160493827,0.5460165839326617,0.615916955017301,0.5714285714285714,0.4507042253521127,"[[89,50,27],[13,114,39],[21,69,64]]"
s_c_llm,25,20,13,135,0.5061728395061729,0.5034651966130278,0.41064638783269963,0.4950980392156863,0.6046511627906976,"[[54,91,21],[30,101,35],[13,50,91]]"
real_only,25,0,14,75,0.4670781893004115,0.4628460085858461,0.4726027397260274,0.5077720207253886,0.40816326530612246,"[[69,61,36],[24,98,44],[33,61,60]]"
noise_aug,25,20,14,135,0.6193415637860082,0.6154679893394444,0.5898305084745763,0.6485148514851485,0.608058608058608,"[[87,58,21],[20,131,15],[22,49,83]]"
s_c_llm,25,20,14,135,0.5390946502057613,0.5067959857210211,0.26732673267326734,0.5673469387755102,0.6857142857142857,"[[27,129,10],[7,139,20],[2,56,96]]"
real_only,25,0,15,75,0.4218106995884774,0.42205264008361354,0.3798076923076923,0.49696969696969695,0.3893805309734513,"[[79,74,13],[69,82,15],[102,8,44]]"
noise_aug,25,20,15,135,0.46502057613168724,0.4659326406098286,0.37433155080213903,0.5681818181818182,0.45528455284552843,"[[70,78,18],[48,100,18],[90,8,56]]"
s_c_llm,25,20,15,135,0.5864197530864198,0.5861354256414922,0.5112781954887218,0.5586034912718204,0.6885245901639344,"[[68,84,14],[22,112,32],[10,39,105]]"
real_only,25,0,16,75,0.5041152263374485,0.4795818296037808,0.5300546448087432,0.6158038147138964,0.2928870292887029,"[[97,49,20],[23,113,30],[80,39,35]]"
noise_aug,25,20,16,135,0.5370370370370371,0.51992889825307,0.5091863517060368,0.6415094339622641,0.4090909090909091,"[[97,60,9],[35,119,12],[83,26,45]]"
s_c_llm,25,20,16,135,0.5781893004115226,0.5811956929806474,0.5740181268882175,0.49851632047477745,0.6710526315789473,"[[95,61,10],[44,84,38],[26,26,102]]"
real_only,25,0,17,75,0.5740740740740741,0.5697291761991087,0.5258964143426295,0.588495575221239,0.5947955390334573,"[[66,79,21],[19,133,14],[0,74,80]]"
noise_aug,25,20,17,135,0.5781893004115226,0.5830029582738575,0.5266666666666666,0.5658536585365853,0.6564885496183206,"[[79,81,6],[34,116,16],[21,47,86]]"
s_c_llm,25,20,17,135,0.5946502057613169,0.600383502137888,0.4983164983164983,0.558974358974359,0.743859649122807,"[[74,87,5],[37,109,20],[20,28,106]]"
real_only,25,0,18,75,0.5288065843621399,0.5151671018007953,0.5839793281653747,0.5662650602409639,0.3952569169960474,"[[113,28,25],[48,94,24],[60,44,50]]"
noise_aug,25,20,18,135,0.5432098765432098,0.5392861332379393,0.5602094240837696,0.5741324921135647,0.4835164835164835,"[[107,32,27],[49,91,26],[60,28,66]]"
s_c_llm,25,20,18,135,0.5185185185185185,0.5188767518865318,0.5122615803814714,0.44370860927152317,0.6006600660066007,"[[94,47,25],[66,67,33],[41,22,91]]"
real_only,25,0,19,75,0.4711934156378601,0.45232674100242337,0.30303030303030304,0.5558086560364465,0.49814126394052044,"[[40,110,16],[12,122,32],[46,41,67]]"
noise_aug,25,20,19,135,0.7037037037037037,0.7105761400894544,0.6476190476190476,0.6467391304347826,0.8373702422145328,"[[102,60,4],[37,119,10],[10,23,121]]"
s_c_llm,25,20,19,135,0.5349794238683128,0.5407722413148436,0.5478547854785478,0.45652173913043476,0.6179401993355482,"[[83,69,14],[42,84,40],[12,49,93]]"
real_only,25,0,20,75,0.5452674897119342,0.527666705803255,0.44528301886792454,0.6061855670103092,0.5315315315315315,"[[59,103,4],[14,147,5],[26,69,59]]"
noise_aug,25,20,20,135,0.5617283950617284,0.5641885963231358,0.558303886925795,0.5553145336225597,0.5789473684210527,"[[79,85,2],[32,128,6],[6,82,66]]"
s_c_llm,25,20,20,135,0.5987654320987654,0.5994781323408548,0.45864661654135336,0.5879629629629629,0.7518248175182481,"[[61,96,9],[31,127,8],[8,43,103]]"
real_only,25,0,21,75,0.5061728395061729,0.5050325408594984,0.4673913043478261,0.5577464788732395,0.4899598393574297,"[[86,61,19],[52,99,15],[64,29,61]]"
noise_aug,25,20,21,135,0.5740740740740741,0.569747527411761,0.5333333333333333,0.6131386861313869,0.5627705627705628,"[[88,69,9],[37,126,3],[39,50,65]]"
s_c_llm,25,20,21,135,0.5740740740740741,0.5753694845237192,0.47491638795986624,0.5981308411214953,0.6530612244897959,"[[71,90,5],[32,128,6],[30,44,80]]"
real_only,25,0,22,75,0.4403292181069959,0.4401323352546766,0.46272493573264784,0.35947712418300654,0.4981949458483754,"[[90,59,17],[74,55,37],[59,26,69]]"
noise_aug,25,20,22,135,0.5781893004115226,0.5835461194684496,0.4854368932038835,0.5692307692307692,0.6959706959706959,"[[75,84,7],[38,111,17],[30,29,95]]"
s_c_llm,25,20,22,135,0.5555555555555556,0.5589941756775295,0.4966887417218543,0.5226666666666666,0.6576271186440678,"[[75,74,17],[41,98,27],[20,37,97]]"
real_only,25,0,23,75,0.5781893004115226,0.5769021294458319,0.563573883161512,0.5178571428571429,0.6492753623188405,"[[82,58,26],[26,87,53],[17,25,112]]"
noise_aug,25,20,23,135,0.5761316872427984,0.5757545855453086,0.558282208588957,0.4797507788161994,0.6892307692307692,"[[91,55,20],[50,77,39],[19,23,112]]"
s_c_llm,25,20,23,135,0.6213991769547325,0.6164372699254249,0.48739495798319327,0.6173913043478261,0.7445255474452555,"[[58,103,5],[11,142,13],[3,49,102]]"
real_only,25,0,24,75,0.4691358024691358,0.4590641868740908,0.48257372654155495,0.5,0.39461883408071746,"[[90,68,8],[55,94,17],[62,48,44]]"
noise_aug,25,20,24,135,0.6275720164609053,0.6311164924342288,0.575197889182058,0.6811145510835913,0.6370370370370371,"[[109,40,17],[43,110,13],[61,7,86]]"
s_c_llm,25,20,24,135,0.49794238683127573,0.5041881614808602,0.42857142857142855,0.4743276283618582,0.6096654275092936,"[[63,96,7],[43,97,26],[22,50,82]]"
real_only,25,0,25,75,0.38065843621399176,0.33997803825429657,0.14847161572052403,0.5065502183406113,0.3649122807017544,"[[17,111,38],[9,116,41],[37,65,52]]"
noise_aug,25,20,25,135,0.4506172839506173,0.4143813064756518,0.22813688212927757,0.5905172413793104,0.42448979591836733,"[[30,114,22],[12,137,17],[55,47,52]]"
s_c_llm,25,20,25,135,0.51440329218107,0.5090935462307818,0.4291497975708502,0.5,0.5981308411214953,"[[53,91,22],[16,101,49],[12,46,96]]"
real_only,25,0,26,75,0.551440329218107,0.544777183600713,0.48727272727272725,0.5882352941176471,0.5588235294117647,"[[67,78,21],[20,125,21],[22,56,76]]"
noise_aug,25,20,26,135,0.6563786008230452,0.6397301461849625,0.4291497975708502,0.6535626535626535,0.8364779874213837,"[[53,94,19],[21,133,12],[7,14,133]]"
s_c_llm,25,20,26,135,0.6522633744855967,0.6580079610970809,0.5232974910394266,0.6150121065375302,0.8357142857142857,"[[73,88,5],[35,127,4],[5,32,117]]"
real_only,25,0,27,75,0.47530864197530864,0.46060808836609546,0.3914590747330961,0.5777777777777777,0.4125874125874126,"[[55,69,42],[18,117,31],[42,53,59]]"
noise_aug,25,20,27,135,0.43621399176954734,0.4197023057884726,0.4636118598382749,0.29411764705882354,0.5013774104683195,"[[86,34,46],[59,35,72],[60,3,91]]"
s_c_llm,25,20,27,135,0.5432098765432098,0.5321173671689136,0.5567010309278351,0.39862542955326463,0.6410256410256411,"[[81,43,42],[39,58,69],[5,24,125]]"
real_only,25,0,28,75,0.43209876543209874,0.4366461024355761,0.4857142857142857,0.39473684210526316,0.42948717948717946,"[[68,69,29],[29,75,62],[17,70,67]]"
noise_aug,25,20,28,135,0.5082304526748971,0.5129466303497833,0.6645569620253164,0.39106145251396646,0.48322147651006714,"[[105,43,18],[42,70,54],[3,79,72]]"
s_c_llm,25,20,28,135,0.5637860082304527,0.5596398590218993,0.45849802371541504,0.5707865168539326,0.6496350364963503,"[[58,99,9],[17,127,22],[12,53,89]]"
real_only,25,0,29,75,0.5679012345679012,0.5416730006156664,0.33766233766233766,0.6164705882352941,0.6708860759493671,"[[39,92,35],[14,131,21],[12,36,106]]"
noise_aug,25,20,29,135,0.5802469135802469,0.5764566404070988,0.4961832061068702,0.5343915343915344,0.6987951807228916,"[[65,78,23],[26,101,39],[5,33,116]]"
s_c_llm,25,20,29,135,0.5473251028806584,0.5454852242125253,0.4666666666666667,0.5244215938303342,0.645367412140575,"[[63,79,24],[30,102,34],[11,42,101]]"
real_only,25,0,30,75,0.5823045267489712,0.5649644903172727,0.4100418410041841,0.6252771618625277,0.6595744680851063,"[[49,93,24],[14,141,11],[10,51,93]]"
noise_aug,25,20,30,135,0.6172839506172839,0.6010450720128139,0.42857142857142855,0.6505494505494506,0.7240143369175627,"[[51,98,17],[11,148,7],[10,43,101]]"
s_c_llm,25,20,30,135,0.5823045267489712,0.5796341940508971,0.48507462686567165,0.6004415011037527,0.6533864541832669,"[[65,90,11],[26,136,4],[11,61,82]]"
real_only,25,0,31,75,0.5576131687242798,0.5595149315660991,0.5441176470588235,0.5686900958466453,0.5657370517928287,"[[111,44,11],[62,89,15],[69,14,71]]"
noise_aug,25,20,31,135,0.6522633744855967,0.6590956232159093,0.5722543352601156,0.6374269005847953,0.7676056338028169,"[[99,55,12],[48,109,9],[33,12,109]]"
s_c_llm,25,20,31,135,0.5761316872427984,0.5792401934121928,0.5581395348837209,0.5151515151515151,0.6644295302013423,"[[96,56,14],[50,85,31],[32,23,99]]"
real_only,25,0,32,75,0.5020576131687243,0.5000704381947375,0.5072046109510087,0.5232558139534884,0.4697508896797153,"[[88,45,33],[48,90,28],[45,43,66]]"
noise_aug,25,20,32,135,0.38065843621399176,0.3652177020918743,0.33774834437086093,0.46190476190476193,0.296,"[[51,89,26],[36,97,33],[49,68,37]]"
s_c_llm,25,20,32,135,0.49794238683127573,0.4876292238424333,0.36065573770491804,0.5116279069767442,0.5906040268456376,"[[44,97,25],[25,110,31],[9,57,88]]"
real_only,25,0,33,75,0.5205761316872428,0.5231200671484821,0.4744744744744745,0.5369458128078818,0.5579399141630901,"[[79,79,8],[51,109,6],[37,52,65]]"
noise_aug,25,20,33,135,0.5020576131687243,0.49989020641194554,0.4166666666666667,0.5454545454545454,0.5375494071146245,"[[65,80,21],[45,111,10],[36,50,68]]"
s_c_llm,25,20,33,135,0.5946502057613169,0.5957259686112771,0.4943820224719101,0.5909090909090909,0.7018867924528301,"[[66,90,10],[28,130,8],[7,54,93]]"
real_only,25,0,34,75,0.5946502057613169,0.5908800563870442,0.5197368421052632,0.6342592592592593,0.6186440677966102,"[[79,84,3],[23,137,6],[36,45,73]]"
noise_aug,25,20,34,135,0.5205761316872428,0.520740783778851,0.5358255451713395,0.5125628140703518,0.5138339920948617,"[[86,71,9],[39,102,25],[30,59,65]]"
s_c_llm,25,20,34,135,0.5781893004115226,0.5797096134734246,0.6028985507246377,0.46296296296296297,0.6732673267326733,"[[104,50,12],[56,75,35],[19,33,102]]"
real_only,25,0,35,75,0.5102880658436214,0.5016977592456336,0.4054982817869416,0.5756097560975609,0.5239852398523985,"[[59,82,25],[27,118,21],[39,44,71]]"
noise_aug,25,20,35,135,0.6008230452674898,0.5816785921340375,0.38392857142857145,0.600451467268623,0.760655737704918,"[[43,106,17],[15,133,18],[0,38,116]]"
s_c_llm,25,20,35,135,0.5802469135802469,0.5734704850271669,0.4132231404958678,0.5649202733485194,0.7422680412371134,"[[50,107,9],[22,124,20],[4,42,108]]"
real_only,25,0,36,75,0.38065843621399176,0.380131907819993,0.4502923976608187,0.2822085889570552,0.40789473684210525,"[[77,51,38],[70,46,50],[29,63,62]]"
noise_aug,25,20,36,135,0.4547325102880658,0.4540652453695932,0.43478260869565216,0.4702702702702703,0.45714285714285713,"[[70,58,38],[55,87,24],[31,59,64]]"
s_c_llm,25,20,36,135,0.5370370370370371,0.5317584331140645,0.4984025559105431,0.45098039215686275,0.6458923512747875,"[[78,55,33],[45,69,52],[24,16,114]]"
real_only,25,0,37,75,0.49588477366255146,0.47810476744573793,0.32340425531914896,0.534521158129176,0.5763888888888888,"[[38,109,19],[14,120,32],[17,54,83]]"
noise_aug,25,20,37,135,0.5534979423868313,0.5410553591202073,0.41044776119402987,0.6233766233766234,0.5893416927899686,"[[55,70,41],[16,120,30],[31,29,94]]"
s_c_llm,25,20,37,135,0.5123456790123457,0.5107082780329449,0.4740740740740741,0.5207373271889401,0.5373134328358209,"[[64,82,20],[31,113,22],[9,73,72]]"
real_only,25,0,38,75,0.4835390946502058,0.4799826847780548,0.45454545454545453,0.5311653116531165,0.4542372881355932,"[[70,60,36],[30,98,38],[42,45,67]]"
noise_aug,25,20,38,135,0.5390946502057613,0.5391313534371082,0.563953488372093,0.5201072386058981,0.5333333333333333,"[[97,55,14],[50,97,19],[31,55,68]]"
s_c_llm,25,20,38,135,0.5370370370370371,0.5399344981013229,0.46366782006920415,0.5395348837209303,0.616600790513834,"[[67,90,9],[38,116,12],[18,58,78]]"
real_only,25,0,39,75,0.4547325102880658,0.4401308027394984,0.3241106719367589,0.509009009009009,0.48727272727272725,"[[41,105,20],[19,113,34],[27,60,67]]"
noise_aug,25,20,39,135,0.42592592592592593,0.4057220907054055,0.3310344827586207,0.5707196029776674,0.3154121863799283,"[[48,71,47],[17,115,34],[59,51,44]]"
s_c_llm,25,20,39,135,0.5473251028806584,0.549727013442339,0.48091603053435117,0.5339366515837104,0.6343283582089553,"[[63,94,9],[28,118,20],[5,64,85]]"
real_only,50,0,0,150,0.7386831275720165,0.7380218717141619,0.6394557823129252,0.7374005305039788,0.8372093023255814,"[[94,63,9],[15,139,12],[19,9,126]]"
noise_aug,50,20,0,210,0.7448559670781894,0.7470315609753676,0.6950819672131148,0.7193460490463215,0.8266666666666667,"[[106,53,7],[19,132,15],[14,16,124]]"
s_c_llm,50,20,0,210,0.7160493827160493,0.7183300226363868,0.6323529411764706,0.683046683046683,0.8395904436860068,"[[86,75,5],[16,139,11],[4,27,123]]"
real_only,50,0,1,150,0.7489711934156379,0.7451075116036753,0.5869565217391305,0.7333333333333333,0.9150326797385621,"[[81,79,6],[17,143,6],[12,2,140]]"
noise_aug,50,20,1,210,0.7530864197530864,0.7503612897036378,0.6258992805755396,0.7277486910994765,0.8974358974358975,"[[87,72,7],[16,139,11],[9,5,140]]"
s_c_llm,50,20,1,210,0.7448559670781894,0.7386383346657635,0.5490196078431373,0.7132530120481928,0.9536423841059603,"[[70,95,1],[15,148,3],[4,6,144]]"
real_only,50,0,2,150,0.7222222222222222,0.7277569476711495,0.7043189368770764,0.6990291262135923,0.7799227799227799,"[[106,59,1],[19,144,3],[10,43,101]]"
noise_aug,50,20,2,210,0.7551440329218106,0.7601725716659301,0.7046979865771812,0.7344913151364765,0.8413284132841329,"[[105,60,1],[16,148,2],[11,29,114]]"
s_c_llm,50,20,2,210,0.6893004115226338,0.6929335060911898,0.5895522388059702,0.6727688787185355,0.8164794007490637,"[[79,85,2],[17,147,2],[6,39,109]]"
real_only,50,0,3,150,0.6522633744855967,0.6522832558912438,0.5559322033898305,0.6683168316831684,0.7326007326007326,"[[82,75,9],[21,135,10],[26,28,100]]"
noise_aug,50,20,3,210,0.6316872427983539,0.6351257374879422,0.5982905982905983,0.6404199475065617,0.6666666666666666,"[[105,58,3],[41,122,3],[39,35,80]]"
s_c_llm,50,20,3,210,0.7016460905349794,0.7040437158469945,0.6721311475409836,0.6666666666666666,0.7733333333333333,"[[123,34,9],[43,102,21],[34,4,116]]"
real_only,50,0,4,150,0.5164609053497943,0.509928118008447,0.4713804713804714,0.56575682382134,0.49264705882352944,"[[70,78,18],[19,114,33],[42,45,67]]"
noise_aug,50,20,4,210,0.7530864197530864,0.757449400499942,0.6570397111913358,0.7125307125307125,0.9027777777777778,"[[91,75,0],[17,145,4],[3,21,130]]"
s_c_llm,50,20,4,210,0.5905349794238683,0.5922689260124144,0.5928571428571429,0.5764411027568922,0.6075085324232082,"[[83,72,11],[12,115,39],[19,46,89]]"
real_only,50,0,5,150,0.6934156378600823,0.6963149874118885,0.6230529595015576,0.7064935064935065,0.7593984962406015,"[[100,59,7],[26,136,4],[29,24,101]]"
noise_aug,50,20,5,210,0.7407407407407407,0.7408291022981744,0.5902777777777778,0.7268041237113402,0.9054054054054054,"[[85,79,2],[19,141,6],[18,2,134]]"
s_c_llm,50,20,5,210,0.7530864197530864,0.7514405688200642,0.6327272727272727,0.7341772151898734,0.8874172185430463,"[[87,70,9],[16,145,5],[6,14,134]]"
real_only,50,0,6,150,0.7325102880658436,0.7322143263625301,0.6689419795221843,0.672316384180791,0.8553846153846154,"[[98,58,10],[25,119,22],[4,11,139]]"
noise_aug,50,20,6,210,0.742798353909465,0.7367927049772462,0.7535410764872521,0.6498194945848376,0.8070175438596491,"[[133,21,12],[38,90,38],[16,0,138]]"
s_c_llm,50,20,6,210,0.6275720164609053,0.6309977106536647,0.5977859778597786,0.5965770171149144,0.6986301369863014,"[[81,74,11],[19,122,25],[5,47,102]]"
real_only,50,0,7,150,0.7386831275720165,0.7389598948382566,0.6058394160583942,0.705,0.9060402684563759,"[[83,81,2],[18,141,7],[7,12,135]]"
noise_aug,50,20,7,210,0.742798353909465,0.746137683846249,0.6666666666666666,0.7096774193548387,0.8620689655172413,"[[93,68,5],[17,143,6],[3,26,125]]"
s_c_llm,50,20,7,210,0.6502057613168725,0.6555887069051973,0.5756457564575646,0.6109785202863962,0.7801418439716312,"[[78,85,3],[23,128,15],[4,40,110]]"
real_only,50,0,8,150,0.668724279835391,0.6769946416369979,0.5292307692307693,0.6630434782608695,0.8387096774193549,"[[86,75,5],[41,122,3],[32,5,117]]"
noise_aug,50,20,8,210,0.6748971193415638,0.6813276075571157,0.6491803278688525,0.6486486486486487,0.7461538461538462,"[[99,62,5],[30,132,4],[10,47,97]]"
s_c_llm,50,20,8,210,0.6234567901234568,0.6200190017527479,0.6411764705882353,0.631578947368421,0.5873015873015873,"[[109,49,8],[30,120,16],[35,45,74]]"
real_only,50,0,9,150,0.6625514403292181,0.6641880779636298,0.5932721712538226,0.601823708206687,0.7974683544303798,"[[97,53,16],[47,99,20],[17,11,126]]"
noise_aug,50,20,9,210,0.7613168724279835,0.7586426840158182,0.6923076923076923,0.717948717948718,0.8656716417910447,"[[99,50,17],[21,126,19],[0,9,145]]"
s_c_llm,50,20,9,210,0.7942386831275721,0.795191445139111,0.6832740213523132,0.7480519480519481,0.954248366013072,"[[96,67,3],[19,144,3],[0,8,146]]"
real_only,50,0,10,150,0.6790123456790124,0.6775772940156802,0.5756457564575646,0.6531645569620254,0.803921568627451,"[[78,76,12],[20,129,17],[7,24,123]]"
noise_aug,50,20,10,210,0.7407407407407407,0.7412476647927259,0.6319444444444444,0.7139107611548556,0.8778877887788779,"[[91,68,7],[21,136,9],[10,11,133]]"
s_c_llm,50,20,10,210,0.668724279835391,0.6745035959279747,0.5894736842105263,0.645933014354067,0.7881040892193308,"[[84,77,5],[27,135,4],[8,40,106]]"
real_only,50,0,11,150,0.8353909465020576,0.8375721556895647,0.7757575757575758,0.8224852071005917,0.9144736842105263,"[[128,33,5],[21,139,6],[15,0,139]]"
noise_aug,50,20,11,210,0.7551440329218106,0.7527250851211988,0.6925795053003534,0.711864406779661,0.8537313432835821,"[[98,54,14],[16,126,24],[3,8,143]]"
s_c_llm,50,20,11,210,0.6995884773662552,0.7003140060154439,0.6782006920415224,0.6422535211267606,0.7804878048780488,"[[98,51,17],[23,114,29],[2,24,128]]"
real_only,50,0,12,150,0.7901234567901234,0.7946093993152816,0.692063492063492,0.7450980392156863,0.9466666666666667,"[[109,55,2],[31,133,2],[9,3,142]]"
noise_aug,50,20,12,210,0.7839506172839507,0.7895839161408448,0.7272727272727273,0.7262247838616714,0.9152542372881356,"[[120,46,0],[34,126,6],[10,9,135]]"
s_c_llm,50,20,12,210,0.6337448559670782,0.6415334077218414,0.5397923875432526,0.5891089108910891,0.7956989247311828,"[[78,84,4],[37,119,10],[8,35,111]]"
real_only,50,0,13,150,0.6234567901234568,0.6026015583429395,0.34782608695652173,0.6540084388185654,0.8059701492537313,"[[40,124,2],[7,155,4],[17,29,108]]"
noise_aug,50,20,13,210,0.6954732510288066,0.6974477313017818,0.5923344947735192,0.670076726342711,0.8299319727891157,"[[85,78,3],[20,131,15],[16,16,122]]"
s_c_llm,50,20,13,210,0.6851851851851852,0.6858950213777696,0.5905511811023622,0.6443914081145584,0.822742474916388,"[[75,87,4],[13,135,18],[0,31,123]]"
real_only,50,0,14,150,0.7592592592592593,0.7602941931896815,0.673202614379085,0.7338935574229691,0.8737864077669902,"[[103,54,9],[24,131,11],[13,6,135]]"
noise_aug,50,20,14,210,0.7777777777777778,0.7806613953568489,0.7147766323024055,0.7368421052631579,0.8903654485049833,"[[104,60,2],[15,140,11],[6,14,134]]"
s_c_llm,50,20,14,210,0.6584362139917695,0.6572028049029656,0.5214007782101168,0.6270783847980997,0.8231292517006803,"[[67,92,7],[22,132,12],[2,31,121]]"
real_only,50,0,15,150,0.720164609053498,0.724041673135796,0.6774193548387096,0.6864864864864865,0.8082191780821918,"[[105,49,12],[31,127,8],[8,28,118]]"
noise_aug,50,20,15,210,0.7242798353909465,0.730281355610038,0.7220447284345048,0.6702127659574468,0.7985865724381626,"[[113,45,8],[32,126,8],[2,39,113]]"
s_c_llm,50,20,15,210,0.691358024691358,0.6952292921219058,0.6258064516129033,0.6612466124661247,0.7986348122866894,"[[97,57,12],[34,122,10],[13,24,117]]"
real_only,50,0,16,150,0.6748971193415638,0.6782295343331007,0.5958702064896755,0.6746987951807228,0.7641196013289037,"[[101,50,15],[37,112,17],[35,4,115]]"
noise_aug,50,20,16,210,0.6707818930041153,0.6727061459105658,0.5696969696969697,0.712707182320442,0.7357142857142858,"[[94,64,8],[22,129,15],[48,3,103]]"
s_c_llm,50,20,16,210,0.6049382716049383,0.6079270332264406,0.5950920245398773,0.5785123966942148,0.6501766784452296,"[[97,59,10],[34,105,27],[29,33,92]]"
real_only,50,0,17,150,0.7942386831275721,0.7969800042467439,0.696551724137931,0.7473684210526316,0.9470198675496688,"[[101,63,2],[21,142,3],[2,9,143]]"
noise_aug,50,20,17,210,0.8724279835390947,0.8743945458703061,0.8490028490028491,0.8632218844984803,0.910958904109589,"[[149,16,1],[20,142,4],[16,5,133]]"
s_c_llm,50,20,17,210,0.654320987654321,0.6611106931802034,0.6148148148148148,0.6113744075829384,0.7571428571428571,"[[83,80,3],[20,129,17],[1,47,106]]"
real_only,50,0,18,150,0.6666666666666666,0.6710636766998442,0.6096654275092936,0.6451612903225806,0.758364312267658,"[[82,80,4],[17,140,9],[4,48,102]]"
noise_aug,50,20,18,210,0.757201646090535,0.7521056091373165,0.6617647058823529,0.7391304347826086,0.8554216867469879,"[[90,56,20],[14,136,16],[2,10,142]]"
s_c_llm,50,20,18,210,0.7613168724279835,0.7583283818577936,0.6,0.7272727272727273,0.9477124183006536,"[[81,81,4],[19,144,3],[4,5,145]]"
real_only,50,0,19,150,0.7139917695473251,0.7139900602959086,0.636986301369863,0.6721763085399449,0.832807570977918,"[[93,58,15],[28,122,16],[5,17,132]]"
noise_aug,50,20,19,210,0.8106995884773662,0.813028151186046,0.7039473684210527,0.7611111111111111,0.974025974025974,"[[107,57,2],[27,137,2],[4,0,150]]"
s_c_llm,50,20,19,210,0.720164609053498,0.7204293769450237,0.6642066420664207,0.6684210526315789,0.8286604361370716,"[[90,66,10],[15,127,24],[0,21,133]]"
real_only,50,0,20,150,0.6584362139917695,0.6551889614153511,0.5486111111111112,0.6218487394957983,0.7951070336391437,"[[79,69,18],[30,111,25],[13,11,130]]"
noise_aug,50,20,20,210,0.6790123456790124,0.6657281163166014,0.46215139442231074,0.6873508353221957,0.847682119205298,"[[58,97,11],[13,144,9],[14,12,128]]"
s_c_llm,50,20,20,210,0.6440329218106996,0.6477087639670321,0.4927536231884058,0.5778894472361809,0.87248322147651,"[[68,95,3],[40,115,11],[2,22,130]]"
real_only,50,0,21,150,0.676954732510288,0.6575838928780104,0.45045045045045046,0.665158371040724,0.8571428571428571,"[[50,108,8],[5,147,14],[1,21,132]]"
noise_aug,50,20,21,210,0.7325102880658436,0.7198528306086921,0.5344129554655871,0.7429906542056075,0.8821548821548821,"[[66,93,7],[2,159,5],[13,10,131]]"
s_c_llm,50,20,21,210,0.6646090534979424,0.6545280764635604,0.5155555555555555,0.6666666666666666,0.7813620071684588,"[[58,101,7],[1,156,9],[0,45,109]]"
real_only,50,0,22,150,0.7757201646090535,0.7780822446767389,0.7432432432432432,0.738544474393531,0.8524590163934426,"[[110,47,9],[17,137,12],[3,21,130]]"
noise_aug,50,20,22,210,0.6296296296296297,0.6313921895915618,0.5906040268456376,0.6058981233243967,0.6976744186046512,"[[88,60,18],[29,113,24],[15,34,105]]"
s_c_llm,50,20,22,210,0.6666666666666666,0.6672963370941748,0.5650557620817844,0.6523809523809524,0.784452296819788,"[[76,79,11],[22,137,7],[5,38,111]]"
real_only,50,0,23,150,0.6646090534979424,0.6548780781398854,0.5065502183406113,0.6623093681917211,0.795774647887324,"[[58,101,7],[4,152,10],[1,40,113]]"
noise_aug,50,20,23,210,0.6604938271604939,0.6599784205844562,0.575,0.6569037656903766,0.7480314960629921,"[[69,97,0],[4,157,5],[1,58,95]]"
s_c_llm,50,20,23,210,0.6646090534979424,0.6664204464089792,0.5577689243027888,0.6444444444444445,0.7970479704797048,"[[70,94,2],[14,145,7],[1,45,108]]"
real_only,50,0,24,150,0.7839506172839507,0.7895125816142373,0.691131498470948,0.7413793103448276,0.936026936026936,"[[113,53,0],[33,129,4],[15,0,139]]"
noise_aug,50,20,24,210,0.7016460905349794,0.7063065872477133,0.5431309904153354,0.7282051282051282,0.8475836431226765,"[[85,80,1],[24,142,0],[38,2,114]]"
s_c_llm,50,20,24,210,0.7263374485596708,0.7360084476233761,0.6688524590163935,0.6597402597402597,0.8794326241134752,"[[102,62,2],[37,127,2],[0,30,124]]"
real_only,50,0,25,150,0.6810699588477366,0.6886723479270644,0.6036363636363636,0.6431924882629108,0.8191881918819188,"[[83,82,1],[24,137,5],[2,41,111]]"
noise_aug,50,20,25,210,0.7818930041152263,0.7818480188875433,0.6881720430107527,0.77,0.8873720136518771,"[[96,65,5],[8,154,4],[9,15,130]]"
s_c_llm,50,20,25,210,0.6748971193415638,0.675293907522477,0.5577689243027888,0.6681127982646421,0.8,"[[70,95,1],[11,154,1],[4,46,104]]"
real_only,50,0,26,150,0.6481481481481481,0.6477816517985425,0.6312292358803987,0.6253687315634219,0.6867469879518072,"[[95,47,24],[20,106,40],[20,20,114]]"
noise_aug,50,20,26,210,0.720164609053498,0.7182916117698727,0.7594202898550725,0.7045454545454546,0.6909090909090909,"[[131,30,5],[21,124,21],[27,32,95]]"
s_c_llm,50,20,26,210,0.6604938271604939,0.6639811733716298,0.6511627906976745,0.5609065155807366,0.779874213836478,"[[98,62,6],[33,99,34],[4,26,124]]"
real_only,50,0,27,150,0.7510288065843621,0.7561648021797506,0.6622073578595318,0.7052631578947368,0.9010238907849829,"[[99,63,4],[29,134,3],[5,17,132]]"
noise_aug,50,20,27,210,0.7674897119341564,0.7651582801265823,0.6870748299319728,0.7262247838616714,0.8821752265861027,"[[101,49,16],[25,126,15],[2,6,146]]"
s_c_llm,50,20,27,210,0.6872427983539094,0.6864383189157381,0.6312056737588653,0.6391184573002755,0.7889908256880734,"[[89,61,16],[22,116,28],[5,20,129]]"
real_only,50,0,28,150,0.6584362139917695,0.6582347485825145,0.5949008498583569,0.7131367292225201,0.6666666666666666,"[[105,57,4],[27,133,6],[55,17,82]]"
noise_aug,50,20,28,210,0.7263374485596708,0.7201766208152832,0.5682656826568265,0.7535545023696683,0.8387096774193549,"[[77,85,4],[3,159,4],[25,12,117]]"
s_c_llm,50,20,28,210,0.6728395061728395,0.68054183095947,0.657439446366782,0.64,0.7441860465116279,"[[95,68,3],[25,136,5],[3,55,96]]"
real_only,50,0,29,150,0.7469135802469136,0.74778747014454,0.7134502923976608,0.7261146496815286,0.8037974683544303,"[[122,23,21],[38,114,14],[16,11,127]]"
noise_aug,50,20,29,210,0.7633744855967078,0.7698597515118459,0.7285223367697594,0.7139240506329114,0.8671328671328671,"[[106,58,2],[19,141,6],[0,30,124]]"
s_c_llm,50,20,29,210,0.7098765432098766,0.7154551032562807,0.6219081272084805,0.6683168316831684,0.856140350877193,"[[88,74,4],[26,135,5],[3,29,122]]"
real_only,50,0,30,150,0.6358024691358025,0.6394790081645411,0.5584415584415584,0.6381909547738693,0.7218045112781954,"[[86,71,9],[32,127,7],[24,34,96]]"
noise_aug,50,20,30,210,0.6460905349794238,0.6472086498444876,0.5602605863192183,0.6699029126213593,0.7114624505928854,"[[86,78,2],[21,138,7],[34,30,90]]"
s_c_llm,50,20,30,210,0.691358024691358,0.6974282443389995,0.6220735785953178,0.6732186732186732,0.7969924812030075,"[[93,71,2],[25,137,4],[15,33,106]]"
real_only,50,0,31,150,0.6831275720164609,0.6954610000719529,0.6038781163434903,0.6411764705882353,0.8413284132841329,"[[109,56,1],[55,109,2],[31,9,114]]"
noise_aug,50,20,31,210,0.6954732510288066,0.7003824095278368,0.6708074534161491,0.6684350132625995,0.7619047619047619,"[[108,52,6],[31,126,9],[17,33,104]]"
s_c_llm,50,20,31,210,0.691358024691358,0.695509839051935,0.5899280575539568,0.6650602409638554,0.8315412186379928,"[[82,80,4],[23,138,5],[7,31,116]]"
real_only,50,0,32,150,0.7633744855967078,0.7672359353424797,0.7375,0.7206703910614525,0.8435374149659864,"[[118,41,7],[28,129,9],[8,22,124]]"
noise_aug,50,20,32,210,0.7242798353909465,0.7293705339734221,0.6527777777777778,0.6977886977886978,0.8375451263537906,"[[94,67,5],[22,142,2],[6,32,116]]"
s_c_llm,50,20,32,210,0.7119341563786008,0.714413053770112,0.5855513307984791,0.6822429906542056,0.8754448398576512,"[[77,88,1],[17,146,3],[3,28,123]]"
real_only,50,0,33,150,0.6810699588477366,0.6815433756386574,0.5918367346938775,0.6701846965699209,0.782608695652174,"[[87,65,14],[25,127,14],[16,21,117]]"
noise_aug,50,20,33,210,0.7366255144032922,0.7369036039919846,0.7125748502994012,0.7537993920972644,0.7443365695792881,"[[119,30,17],[19,124,23],[30,9,115]]"
s_c_llm,50,20,33,210,0.6255144032921811,0.629498034392836,0.5631768953068592,0.6088992974238876,0.7164179104477612,"[[78,81,7],[25,130,11],[8,50,96]]"
real_only,50,0,34,150,0.7407407407407407,0.7484270365032795,0.6927374301675978,0.6964285714285714,0.8561151079136691,"[[124,42,0],[44,117,5],[24,11,119]]"
noise_aug,50,20,34,210,0.6893004115226338,0.6920832522057472,0.6254071661237784,0.6932668329177057,0.7575757575757576,"[[96,65,5],[22,139,5],[23,31,100]]"
s_c_llm,50,20,34,210,0.8168724279835391,0.8199990349635079,0.7523510971786834,0.7463556851311953,0.9612903225806452,"[[120,45,1],[32,128,6],[1,4,149]]"
real_only,50,0,35,150,0.7592592592592593,0.7550952707442707,0.6227106227106227,0.7277486910994765,0.9148264984227129,"[[85,72,9],[18,139,9],[4,5,145]]"
noise_aug,50,20,35,210,0.7489711934156379,0.7380297691502765,0.5371900826446281,0.7302325581395349,0.9466666666666667,"[[65,99,2],[7,157,2],[4,8,142]]"
s_c_llm,50,20,35,210,0.6851851851851852,0.6842113417280112,0.5772357723577236,0.6696428571428571,0.8057553956834532,"[[71,91,4],[8,150,8],[1,41,112]]"
real_only,50,0,36,150,0.4835390946502058,0.4933287574265563,0.37058823529411766,0.5077720207253886,0.6016260162601627,"[[63,95,8],[58,98,10],[53,27,74]]"
noise_aug,50,20,36,210,0.6481481481481481,0.6516248292871848,0.5759493670886076,0.6358695652173914,0.7430555555555556,"[[91,60,15],[37,117,12],[22,25,107]]"
s_c_llm,50,20,36,210,0.5905349794238683,0.5917212488944825,0.45353159851301117,0.5603864734299517,0.7612456747404844,"[[61,96,9],[34,116,16],[8,36,110]]"
real_only,50,0,37,150,0.7613168724279835,0.7511968722070258,0.6245059288537549,0.7428571428571429,0.8862275449101796,"[[79,71,16],[7,143,16],[1,5,148]]"
noise_aug,50,20,37,210,0.7674897119341564,0.7608880349406211,0.6459143968871596,0.7416879795396419,0.8950617283950617,"[[83,71,12],[8,145,13],[0,9,145]]"
s_c_llm,50,20,37,210,0.7407407407407407,0.7345986429717858,0.6260162601626016,0.7215496368038741,0.8562300319488818,"[[77,79,10],[2,149,15],[1,19,134]]"
real_only,50,0,38,150,0.6646090534979424,0.6766546422084069,0.6,0.6237623762376238,0.8062015503875969,"[[93,73,0],[40,126,0],[11,39,104]]"
noise_aug,50,20,38,210,0.8539094650205762,0.8569768563888601,0.7912772585669782,0.8057971014492754,0.9738562091503268,"[[127,39,0],[24,139,3],[4,1,149]]"
s_c_llm,50,20,38,210,0.6893004115226338,0.6964925089693459,0.6505190311418685,0.6603325415676959,0.7786259541984732,"[[94,71,1],[22,139,5],[7,45,102]]"
real_only,50,0,39,150,0.8600823045267489,0.8587619650416252,0.8520710059171598,0.7973856209150327,0.926829268292683,"[[144,17,5],[27,122,17],[1,1,152]]"
noise_aug,50,20,39,210,0.6563786008230452,0.6614458850106401,0.7065868263473054,0.5860215053763441,0.6917293233082706,"[[118,43,5],[42,109,15],[8,54,92]]"
s_c_llm,50,20,39,210,0.7716049382716049,0.7730280990552928,0.7092651757188498,0.7209302325581395,0.8888888888888888,"[[111,50,5],[26,124,16],[10,4,140]]"
