method,class,feature,real_median,method_median,median_delta,robust_z_delta,relative_delta,hist_overlap
llm,sharp,ch0_band0_frac,0.0094587127,0.013402423,0.0039437105,0.597256,0.416939,0.378431
llm,sharp,ch0_band1_frac,0.97426122,0.96523663,-0.0090245929,-0.976313,-0.009263,0.194118
llm,sharp,ch0_band2_frac,0.0051635296,0.008088185,0.0029246554,0.533374,0.566406,0.254902
llm,sharp,ch0_band3_frac,0.0035149843,0.0044333316,0.00091834732,0.987342,0.261266,0.452941
llm,sharp,ch0_band4_frac,0.0034139219,0.0039272632,0.0005133413,0.451250,0.150367,0.359804
llm,sharp,ch0_band5_frac,0.0035732116,0.0041161484,0.00054293687,0.503019,0.151946,0.273529
llm,sharp,ch0_crest,2.0371173,1.9615866,-0.075530689,-0.459938,-0.037077,0.282353
llm,sharp,ch0_kurtosis,1.6314928,1.6098515,-0.021641353,-0.357867,-0.013265,0.595098
llm,sharp,ch0_rms,1.094638,1.0094567,-0.085181306,-0.207869,-0.077817,0.086275
llm,sharp,ch0_skewness,-0.015809661,-0.0160602,-0.00025053914,-0.013046,-0.015847,0.481373
llm,sharp,ch0_tooth_rms_cv,0.4208966,0.42069381,-0.00020278454,-0.007719,-0.000482,0.441176
llm,sharp,ch0_tpf_amp_ratio,0.0038090365,0.0044047384,0.00059570188,0.421063,0.156392,0.525490
llm,sharp,ch1_band0_frac,0.79873941,0.83737134,0.038631932,0.178583,0.048366,0.178431
llm,sharp,ch1_band1_frac,0.084574874,0.076213807,-0.0083610667,-0.080456,-0.098860,0.182353
llm,sharp,ch1_band2_frac,0.092882792,0.083488926,-0.0093938661,-0.160516,-0.101137,0.182353
llm,sharp,ch1_band3_frac,0.00022422419,0.0017932094,0.0015689852,8.889936,6.997395,0.931373
llm,sharp,ch1_band4_frac,0.00012508713,0.00090578323,0.0007806961,4.994403,6.241218,0.937255
llm,sharp,ch1_band5_frac,9.4011587e-05,0.00059679583,0.00050278424,4.074530,5.348109,0.205882
llm,sharp,ch1_crest,1.0581414,1.0596435,0.0015020673,0.049746,0.001420,0.625490
llm,sharp,ch1_kurtosis,2.210076,2.2596979,0.049621941,0.144616,0.022453,0.581373
llm,sharp,ch1_rms,4.2847664,4.2769001,-0.0078662571,-0.004710,-0.001836,0.060784
llm,sharp,ch1_skewness,-0.021740965,-0.14223607,-0.12049511,-0.706028,-5.542307,0.282353
llm,sharp,ch1_tooth_rms_cv,0.02585174,0.026741594,0.00088985402,0.078457,0.034421,0.280392
llm,sharp,ch1_tpf_amp_ratio,0.00088323457,0.002300302,0.0014170674,2.517520,1.604407,0.399020
llm,sharp,ch2_band0_frac,0.0093511957,0.012776955,0.003425759,0.261789,0.366344,0.770588
llm,sharp,ch2_band1_frac,0.20806202,0.27705535,0.068993331,0.294348,0.331600,0.068627
llm,sharp,ch2_band2_frac,0.20609336,0.31661815,0.11052479,0.385426,0.536285,0.029412
llm,sharp,ch2_band3_frac,0.17112238,0.21547535,0.044352975,0.431847,0.259189,0.213725
llm,sharp,ch2_band4_frac,0.1214044,0.15758725,0.036182851,0.339949,0.298036,0.153922
llm,sharp,ch2_band5_frac,0.011331321,0.014618499,0.0032871783,0.401083,0.290097,0.468627
llm,sharp,ch2_crest,1.4802864,1.3881025,-0.092183903,-0.355624,-0.062274,0.436275
llm,sharp,ch2_kurtosis,2.6754214,2.4167553,-0.2586661,-0.260500,-0.096682,0.943137
llm,sharp,ch2_rms,0.94335809,0.93541839,-0.0079396993,-0.023045,-0.008416,0.092157
llm,sharp,ch2_skewness,-0.19896918,-0.5522752,-0.35330603,-0.603879,-1.775682,0.302941
llm,sharp,ch2_tooth_rms_cv,0.16432203,0.16502855,0.00070652206,0.005986,0.004300,0.241176
llm,sharp,ch2_tpf_amp_ratio,0.099447236,0.11505532,0.015608086,0.295338,0.156948,0.339216
llm,sharp,ch3_band0_frac,0.28610928,0.32434662,0.038237338,0.186592,0.133646,0.249020
llm,sharp,ch3_band1_frac,0.16448148,0.15700602,-0.0074754652,-0.095539,-0.045449,0.369608
llm,sharp,ch3_band2_frac,0.16178827,0.19205721,0.030268948,0.474789,0.187090,0.307843
llm,sharp,ch3_band3_frac,0.13910493,0.14595224,0.0068473109,0.128685,0.049224,0.341176
llm,sharp,ch3_band4_frac,0.088849227,0.085101448,-0.0037477784,-0.136507,-0.042181,0.521569
llm,sharp,ch3_band5_frac,0.098445368,0.10466354,0.0062181728,0.134994,0.063164,0.357843
llm,sharp,ch3_crest,1.1776664,1.1631833,-0.014483115,-0.272679,-0.012298,0.754902
llm,sharp,ch3_kurtosis,3.8497455,3.5932268,-0.25651874,-0.289863,-0.066633,0.901961
llm,sharp,ch3_rms,0.30210757,0.30189346,-0.000214107,-0.011161,-0.000709,0.168627
llm,sharp,ch3_skewness,0.66597055,0.69338701,0.027416456,0.075452,0.041168,0.677451
llm,sharp,ch3_tooth_rms_cv,0.035598482,0.032704121,-0.0028943609,-0.424594,-0.081306,0.582353
llm,sharp,ch3_tpf_amp_ratio,0.032344303,0.034617412,0.0022731091,0.175461,0.070279,0.619608
llm,sharp,ch4_band0_frac,0.043292554,0.048764685,0.0054721315,0.176717,0.126399,0.395098
llm,sharp,ch4_band1_frac,0.27473686,0.3406299,0.065893035,0.403408,0.239841,0.301961
llm,sharp,ch4_band2_frac,0.24504653,0.26118834,0.016141812,0.129339,0.065872,0.295098
llm,sharp,ch4_band3_frac,0.14874611,0.17436236,0.025616249,0.480441,0.172215,0.286275
llm,sharp,ch4_band4_frac,0.096929198,0.10062176,0.0036925616,0.057674,0.038095,0.226471
llm,sharp,ch4_band5_frac,0.067408092,0.072246367,0.0048382749,0.102637,0.071776,0.470588
llm,sharp,ch4_crest,1.4050384,1.3746712,-0.030367261,-0.166500,-0.021613,0.209804
llm,sharp,ch4_kurtosis,3.2329399,3.368703,0.13576315,0.217356,0.041994,0.843137
llm,sharp,ch4_rms,0.15004914,0.14984227,-0.00020686565,-0.005557,-0.001379,0.062745
llm,sharp,ch4_skewness,0.44215962,0.38065699,-0.061502632,-0.181089,-0.139096,0.653922
llm,sharp,ch4_tooth_rms_cv,0.084090059,0.084645316,0.00055525714,0.013649,0.006603,0.337255
llm,sharp,ch4_tpf_amp_ratio,0.060780213,0.046044494,-0.014735719,-0.368338,-0.242443,0.452941
llm,sharp,ch5_band0_frac,0.03111954,0.033358361,0.0022388208,0.082620,0.071943,0.301961
llm,sharp,ch5_band1_frac,0.20696726,0.25492681,0.047959549,0.262557,0.231725,0.238235
llm,sharp,ch5_band2_frac,0.3932928,0.43874031,0.045447502,0.298365,0.115556,0.348039
llm,sharp,ch5_band3_frac,0.13135991,0.13367112,0.0023112113,0.049022,0.017594,0.281373
llm,sharp,ch5_band4_frac,0.079568349,0.082331647,0.0027632982,0.061883,0.034729,0.217647
llm,sharp,ch5_band5_frac,0.050727751,0.052358311,0.0016305601,0.032266,0.032143,0.366667
llm,sharp,ch5_crest,1.4357989,1.3241622,-0.11163672,-0.682984,-0.077752,0.235294
llm,sharp,ch5_kurtosis,2.9488381,2.5173076,-0.43153046,-0.916887,-0.146339,0.515686
llm,sharp,ch5_rms,0.19132361,0.1906152,-0.0007084105,-0.019333,-0.003703,0.078431
llm,sharp,ch5_skewness,0.38125467,0.12943093,-0.25182375,-0.866946,-0.660513,0.341176
llm,sharp,ch5_tooth_rms_cv,0.10203803,0.096213442,-0.0058245841,-0.115417,-0.057082,0.058824
llm,sharp,ch5_tpf_amp_ratio,0.055496024,0.048593437,-0.0069025872,-0.227766,-0.124380,0.377451
llm,sharp,energy_frac_ch0,0.058475151,0.050115606,-0.0083595446,-4.698167,-0.142959,0.013725
llm,sharp,energy_frac_ch1,0.8836246,0.89949228,0.015867681,0.467735,0.017957,0.101961
llm,sharp,energy_frac_ch2,0.04113655,0.0429984,0.0018618495,0.054399,0.045260,0.037255
llm,sharp,energy_frac_ch3,0.0048482995,0.0044817397,-0.00036655973,-0.135435,-0.075606,0.143137
llm,sharp,energy_frac_ch4,0.0010649405,0.0011036455,3.8705028e-05,0.087174,0.036345,0.180392
llm,sharp,energy_frac_ch5,0.0018104221,0.001785759,-2.4663093e-05,-0.021842,-0.013623,0.086275
llm,sharp,high_band_frac,0.011751773,0.014797143,0.0030453693,0.539393,0.259141,0.423529
llm,sharp,total_rms,1.8646022,1.8410041,-0.023598044,-0.034291,-0.012656,0.062745
llm,worn,ch0_band0_frac,0.0046332941,0.010507849,0.0058745553,2.073822,1.267900,0.115917
llm,worn,ch0_band1_frac,0.98208213,0.97364682,-0.0084353053,-1.374995,-0.008589,0.254152
llm,worn,ch0_band2_frac,0.002728005,0.0071816646,0.0044536596,2.930551,1.632570,0.128028
llm,worn,ch0_band3_frac,0.0026568001,0.0030816208,0.00042482068,0.356795,0.159899,0.354498
llm,worn,ch0_band4_frac,0.0030907785,0.0031902798,9.9501302e-05,0.076347,0.032193,0.470415
llm,worn,ch0_band5_frac,0.0031478864,0.0032205878,7.2701416e-05,0.053473,0.023095,0.311073
llm,worn,ch0_crest,1.8972932,1.8433795,-0.05391371,-0.308453,-0.028416,0.389100
llm,worn,ch0_kurtosis,1.5981081,1.5885511,-0.0095570595,-0.190871,-0.005980,0.849481
llm,worn,ch0_rms,1.6641238,1.7510974,0.086973563,0.101110,0.052264,0.064014
llm,worn,ch0_skewness,-0.011776697,-0.0094365896,0.0023401071,0.118067,0.198707,0.411419
llm,worn,ch0_tooth_rms_cv,0.39760559,0.39332735,-0.0042782439,-0.147242,-0.010760,0.380623
llm,worn,ch0_tpf_amp_ratio,0.0030529902,0.0034316604,0.0003786702,0.267869,0.124033,0.514879
llm,worn,ch1_band0_frac,0.65669002,0.81513358,0.15844356,0.246470,0.241276,0.259343
llm,worn,ch1_band1_frac,0.022030967,0.074004308,0.051973341,0.624912,2.359104,0.257785
llm,worn,ch1_band2_frac,0.083980745,0.10205487,0.018074123,0.115492,0.215217,0.259516
llm,worn,ch1_band3_frac,0.00017600102,0.0021769012,0.0020009001,7.456151,11.368685,0.968858
llm,worn,ch1_band4_frac,6.3335488e-05,0.0010570299,0.0009936944,7.097264,15.689377,0.579585
llm,worn,ch1_band5_frac,4.343938e-05,0.00070817368,0.0006647343,7.353049,15.302573,0.093426
llm,worn,ch1_crest,1.0387061,1.04161,0.0029039476,0.068948,0.002796,0.293945
llm,worn,ch1_kurtosis,2.371822,2.0999853,-0.27183674,-0.367401,-0.114611,0.970588
llm,worn,ch1_rms,6.5480722,6.537558,-0.010514198,-0.003119,-0.001606,0.036332
llm,worn,ch1_skewness,-0.031065346,0.19603422,0.22709957,1.277989,7.310383,0.624048
llm,worn,ch1_tooth_rms_cv,0.017993949,0.018644832,0.00065088328,0.027759,0.036172,0.245675
llm,worn,ch1_tpf_amp_ratio,0.00058047516,0.0024814277,0.0019009525,1.796669,3.274821,0.223183
llm,worn,ch2_band0_frac,0.016298047,0.019339683,0.0030416361,0.159077,0.186626,0.724740
llm,worn,ch2_band1_frac,0.16039355,0.20444816,0.044054614,0.269985,0.274666,0.131488
llm,worn,ch2_band2_frac,0.29373118,0.37607565,0.082344469,0.402570,0.280340,0.083045
llm,worn,ch2_band3_frac,0.10298489,0.1253793,0.022394418,0.316564,0.217453,0.178201
llm,worn,ch2_band4_frac,0.23902639,0.25900214,0.019975742,0.081490,0.083571,0.103806
llm,worn,ch2_band5_frac,0.013238743,0.015037037,0.001798294,0.242694,0.135836,0.842215
llm,worn,ch2_crest,1.374628,1.4317346,0.05710659,0.265922,0.041543,0.385121
llm,worn,ch2_kurtosis,2.6675527,2.3386331,-0.32891959,-0.740295,-0.123304,0.569896
llm,worn,ch2_rms,0.82795875,0.81804994,-0.009908808,-0.027133,-0.011968,0.038062
llm,worn,ch2_skewness,0.018945702,-0.057537507,-0.076483209,-0.180889,-4.036969,0.347751
llm,worn,ch2_tooth_rms_cv,0.11990188,0.12501337,0.00511149,0.072105,0.042631,0.330450
llm,worn,ch2_tpf_amp_ratio,0.10006333,0.13672479,0.036661463,0.453768,0.366383,0.205882
llm,worn,ch3_band0_frac,0.33678739,0.34555997,0.0087725734,0.039188,0.026048,0.238754
llm,worn,ch3_band1_frac,0.14046564,0.18072531,0.040259674,0.667573,0.286616,0.344118
llm,worn,ch3_band2_frac,0.1506968,0.17666835,0.025971556,0.323118,0.172343,0.325087
llm,worn,ch3_band3_frac,0.10901849,0.11178408,0.0027655849,0.068982,0.025368,0.396021
llm,worn,ch3_band4_frac,0.093754223,0.091821131,-0.0019330911,-0.027886,-0.020619,0.343945
llm,worn,ch3_band5_frac,0.085251241,0.091184423,0.0059331811,0.169363,0.069596,0.395848
llm,worn,ch3_crest,1.1803263,1.2096398,0.029313498,0.548247,0.024835,0.393945
llm,worn,ch3_kurtosis,3.8505793,4.7763344,0.92575504,0.644744,0.240420,0.885813
llm,worn,ch3_rms,0.29155255,0.29140013,-0.00015242527,-0.003538,-0.000523,0.053633
llm,worn,ch3_skewness,0.6679819,0.78681379,0.11883188,0.203565,0.177897,0.318339
llm,worn,ch3_tooth_rms_cv,0.035931304,0.038301532,0.0023702288,0.225697,0.065966,0.564014
llm,worn,ch3_tpf_amp_ratio,0.033182067,0.03009155,-0.003090517,-0.136039,-0.093138,0.622491
llm,worn,ch4_band0_frac,0.082662115,0.09407518,0.011413065,0.186350,0.138069,0.482526
llm,worn,ch4_band1_frac,0.18353008,0.23376442,0.050234335,0.430985,0.273712,0.245675
llm,worn,ch4_band2_frac,0.19056329,0.22569264,0.035129352,0.356331,0.184345,0.335467
llm,worn,ch4_band3_frac,0.13366667,0.14500669,0.011340017,0.203012,0.084838,0.394118
llm,worn,ch4_band4_frac,0.23987085,0.27096734,0.031096491,0.245560,0.129638,0.306055
llm,worn,ch4_band5_frac,0.043851473,0.045211982,0.0013605094,0.072487,0.031025,0.434256
llm,worn,ch4_crest,1.4638833,1.5611816,0.097298284,0.755309,0.066466,0.361246
llm,worn,ch4_kurtosis,3.1549548,3.5679822,0.41302738,0.834590,0.130914,0.709516
llm,worn,ch4_rms,0.22213867,0.22248443,0.00034576083,0.005182,0.001557,0.070934
llm,worn,ch4_skewness,0.45879358,0.49983395,0.041040361,0.174603,0.089453,0.579585
llm,worn,ch4_tooth_rms_cv,0.092819776,0.11776314,0.024943359,0.944692,0.268729,0.293599
llm,worn,ch4_tpf_amp_ratio,0.09969216,0.12565545,0.02596329,0.398494,0.260435,0.448097
llm,worn,ch5_band0_frac,0.10096725,0.10978986,0.0088226085,0.086590,0.087381,0.328547
llm,worn,ch5_band1_frac,0.15848011,0.25797957,0.099499462,0.893892,0.627836,0.316436
llm,worn,ch5_band2_frac,0.20902555,0.21589505,0.0068695048,0.044958,0.032864,0.216263
llm,worn,ch5_band3_frac,0.12866466,0.14614592,0.01748126,0.325711,0.135867,0.394464
llm,worn,ch5_band4_frac,0.19493272,0.22864202,0.033709304,0.232304,0.172928,0.249135
llm,worn,ch5_band5_frac,0.038745999,0.042425801,0.0036798015,0.146545,0.094972,0.351211
llm,worn,ch5_crest,1.4391154,1.4886101,0.049494643,0.326981,0.034392,0.275087
llm,worn,ch5_kurtosis,3.0646275,2.80837,-0.2562575,-0.537413,-0.083618,0.549135
llm,worn,ch5_rms,0.27141423,0.27139516,-1.9067871e-05,-0.000236,-0.000070,0.036332
llm,worn,ch5_skewness,0.46580583,0.35462023,-0.11118561,-0.451099,-0.238695,0.466609
llm,worn,ch5_tooth_rms_cv,0.096988144,0.1150663,0.018078153,0.554055,0.186395,0.284948
llm,worn,ch5_tpf_amp_ratio,0.083804966,0.11809969,0.034294726,0.616915,0.409221,0.437716
llm,worn,energy_frac_ch0,0.060060728,0.065685791,0.005625063,0.702334,0.093656,0.060554
llm,worn,energy_frac_ch1,0.91149112,0.91551584,0.0040247226,0.179441,0.004416,0.192042
llm,worn,energy_frac_ch2,0.01203369,0.014311514,0.0022778239,0.204888,0.189287,0.140138
llm,worn,energy_frac_ch3,0.0018328183,0.0018187246,-1.4093709e-05,-0.010136,-0.007690,0.231834
llm,worn,energy_frac_ch4,0.0010050075,0.0010575378,5.2530346e-05,0.141319,0.052269,0.344291
llm,worn,energy_frac_ch5,0.0016637536,0.0015749379,-8.8815633e-05,-0.085062,-0.053383,0.157439
llm,worn,high_band_frac,0.007603618,0.0088880833,0.0012844653,0.365422,0.168928,0.743772
llm,worn,total_rms,2.7796699,2.7893708,0.0097008611,0.006908,0.003490,0.029412
llm,severe,ch0_band0_frac,0.0038062973,0.0068211754,0.0030148781,1.563966,0.792076,0.281016
llm,severe,ch0_band1_frac,0.98379391,0.98007851,-0.0037153988,-0.618820,-0.003777,0.332620
llm,severe,ch0_band2_frac,0.0021466928,0.0042760371,0.0021293443,1.258876,0.991919,0.386898
llm,severe,ch0_band3_frac,0.0025995452,0.0030317257,0.00043218048,0.593358,0.166252,0.402941
llm,severe,ch0_band4_frac,0.0031918333,0.0037746233,0.00058278992,0.529078,0.182588,0.530481
llm,severe,ch0_band5_frac,0.0027958557,0.0030412129,0.00024535728,0.227838,0.087757,0.558289
llm,severe,ch0_crest,1.8477867,1.8097971,-0.037989555,-0.260669,-0.020559,0.489305
llm,severe,ch0_kurtosis,1.5824057,1.5761436,-0.0062620805,-0.155787,-0.003957,0.443850
llm,severe,ch0_rms,1.9865755,2.2242483,0.2376728,0.301166,0.119639,0.058824
llm,severe,ch0_skewness,-0.0095735139,0.0054144836,0.014987997,0.700511,1.565569,0.433155
llm,severe,ch0_tooth_rms_cv,0.38562701,0.38083929,-0.0047877108,-0.263064,-0.012415,0.478610
llm,severe,ch0_tpf_amp_ratio,0.0025885676,0.0029931473,0.00040457976,0.389164,0.156295,0.541444
llm,severe,ch1_band0_frac,0.44006322,0.83309462,0.3930314,0.645837,0.893125,0.187166
llm,severe,ch1_band1_frac,0.017547799,0.034032704,0.016484905,0.131798,0.939429,0.241711
llm,severe,ch1_band2_frac,0.1531992,0.12621832,-0.026980879,-0.108852,-0.176116,0.122995
llm,severe,ch1_band3_frac,0.00017953859,0.0023342691,0.0021547305,7.087894,12.001490,0.613369
llm,severe,ch1_band4_frac,7.6755411e-05,0.00095993969,0.00088318428,6.784202,11.506476,0.061497
llm,severe,ch1_band5_frac,4.7754056e-05,0.00055445296,0.0005066989,6.949450,10.610594,0.104278
llm,severe,ch1_crest,1.0278484,1.028239,0.00039062071,0.008614,0.000380,0.336898
llm,severe,ch1_kurtosis,2.4190613,2.2120965,-0.20696484,-0.336085,-0.085556,0.989305
llm,severe,ch1_rms,7.8392894,7.8382776,-0.0010117865,-0.000372,-0.000129,0.074866
llm,severe,ch1_skewness,0,0.020212785,0.020212785,0.122812,20212785408.511654,0.625668
llm,severe,ch1_tooth_rms_cv,0.013223328,0.012659683,-0.00056364439,-0.026667,-0.042625,0.614973
llm,severe,ch1_tpf_amp_ratio,0.00070261043,0.0026574242,0.0019548138,1.286457,2.782216,0.192513
llm,severe,ch2_band0_frac,0.017492668,0.025381734,0.0078890659,0.607107,0.450993,0.739037
llm,severe,ch2_band1_frac,0.11771534,0.1375361,0.019820763,0.126986,0.168379,0.286096
llm,severe,ch2_band2_frac,0.23737857,0.31644825,0.07906968,0.558105,0.333095,0.192513
llm,severe,ch2_band3_frac,0.12718365,0.18119578,0.054012132,0.632585,0.424678,0.282620
llm,severe,ch2_band4_frac,0.25718348,0.30283429,0.04565081,0.207621,0.177503,0.240642
llm,severe,ch2_band5_frac,0.014675545,0.019368178,0.0046926335,0.520928,0.319759,0.433422
llm,severe,ch2_crest,1.383765,1.4313673,0.047602248,0.215069,0.034401,0.561497
llm,severe,ch2_kurtosis,2.839591,2.947441,0.10785,0.226842,0.037981,0.609626
llm,severe,ch2_rms,0.78906404,0.77335921,-0.015704829,-0.040547,-0.019903,0.050802
llm,severe,ch2_skewness,0.024741894,0.33011345,0.30537156,0.647470,12.342287,0.315508
llm,severe,ch2_tooth_rms_cv,0.10083669,0.11306124,0.012224549,0.247699,0.121231,0.216578
llm,severe,ch2_tpf_amp_ratio,0.10805579,0.15988491,0.051829129,0.554529,0.479652,0.211230
llm,severe,ch3_band0_frac,0.4363322,0.44733148,0.010999276,0.095193,0.025208,0.367380
llm,severe,ch3_band1_frac,0.12724952,0.14342657,0.016177046,0.353043,0.127129,0.391444
llm,severe,ch3_band2_frac,0.12502914,0.12690227,0.0018731325,0.045720,0.014982,0.467380
llm,severe,ch3_band3_frac,0.10894048,0.11214875,0.0032082701,0.099338,0.029450,0.364706
llm,severe,ch3_band4_frac,0.083367948,0.081367961,-0.0019999874,-0.067825,-0.023990,0.387166
llm,severe,ch3_band5_frac,0.093467763,0.09521449,0.0017467269,0.077061,0.018688,0.647326
llm,severe,ch3_crest,1.1802526,1.2213109,0.041058247,0.522642,0.034788,0.887701
llm,severe,ch3_kurtosis,4.2637313,5.247206,0.98347466,0.530100,0.230661,0.871658
llm,severe,ch3_rms,0.27148575,0.27151285,2.7093407e-05,0.002028,0.000100,0.211230
llm,severe,ch3_skewness,0.88736119,1.0386208,0.15125966,0.320426,0.170460,0.636364
llm,severe,ch3_tooth_rms_cv,0.034447526,0.036287395,0.0018398688,0.206420,0.053411,0.331551
llm,severe,ch3_tpf_amp_ratio,0.028322119,0.029484988,0.0011628681,0.068769,0.041059,0.637701
llm,severe,ch4_band0_frac,0.078179338,0.12486307,0.046683729,0.516972,0.597136,0.336096
llm,severe,ch4_band1_frac,0.17078561,0.17400517,0.0032195609,0.030130,0.018851,0.283422
llm,severe,ch4_band2_frac,0.16905695,0.18395302,0.014896068,0.169777,0.088113,0.330749
llm,severe,ch4_band3_frac,0.11869843,0.15979248,0.041094053,0.764215,0.346206,0.366310
llm,severe,ch4_band4_frac,0.31382745,0.3146586,0.00083114579,0.005700,0.002648,0.274599
llm,severe,ch4_band5_frac,0.038831159,0.046325314,0.007494155,0.445080,0.192993,0.322727
llm,severe,ch4_crest,1.4736626,1.5433673,0.069704724,0.470699,0.047300,0.580214
llm,severe,ch4_kurtosis,3.0820956,2.9486693,-0.13342631,-0.253731,-0.043291,0.817112
llm,severe,ch4_rms,0.22644584,0.22453255,-0.0019132834,-0.025593,-0.008449,0.037433
llm,severe,ch4_skewness,0.47984424,0.35303069,-0.12681355,-0.455701,-0.264281,0.488770
llm,severe,ch4_tooth_rms_cv,0.090909472,0.12310512,0.032195651,1.359154,0.354151,0.112299
llm,severe,ch4_tpf_amp_ratio,0.12756172,0.13522477,0.0076630532,0.092754,0.060073,0.264706
llm,severe,ch5_band0_frac,0.10491998,0.16953006,0.064610075,0.428224,0.615803,0.312032
llm,severe,ch5_band1_frac,0.1260663,0.12423371,-0.0018325905,-0.025307,-0.014537,0.483957
llm,severe,ch5_band2_frac,0.16424447,0.18508001,0.020835538,0.208294,0.126857,0.338770
llm,severe,ch5_band3_frac,0.11588483,0.13323761,0.017352782,0.363263,0.149742,0.370856
llm,severe,ch5_band4_frac,0.30545003,0.3118387,0.0063886722,0.040301,0.020916,0.293316
llm,severe,ch5_band5_frac,0.040969138,0.043108519,0.002139381,0.083247,0.052219,0.393048
llm,severe,ch5_crest,1.4835469,1.6473708,0.16382394,0.684688,0.110427,0.317380
llm,severe,ch5_kurtosis,3.0960516,3.9209652,0.82491363,1.188827,0.266441,0.630214
llm,severe,ch5_rms,0.26161945,0.26032059,-0.001298858,-0.011497,-0.004965,0.061497
llm,severe,ch5_skewness,0.53375757,0.73822081,0.20446324,0.515143,0.383064,0.405615
llm,severe,ch5_tooth_rms_cv,0.092870147,0.1229835,0.03011335,0.598850,0.324252,0.310160
llm,severe,ch5_tpf_amp_ratio,0.10717617,0.12183225,0.014656074,0.163614,0.136748,0.240642
llm,severe,energy_frac_ch0,0.060117685,0.07364498,0.013527295,1.662349,0.225014,0.048128
llm,severe,energy_frac_ch1,0.91886032,0.91459286,-0.0042674615,-0.173375,-0.004644,0.144385
llm,severe,energy_frac_ch2,0.0080881008,0.0089081668,0.00082006601,0.086699,0.101392,0.425134
llm,severe,energy_frac_ch3,0.0010628536,0.0010989937,3.6140096e-05,0.043487,0.034003,0.737968
llm,severe,energy_frac_ch4,0.00094984231,0.00075090919,-0.00019893312,-0.325306,-0.209438,0.251337
llm,severe,energy_frac_ch5,0.0012894378,0.0010090367,-0.00028040113,-0.241019,-0.217460,0.663102
llm,severe,high_band_frac,0.0076498361,0.0084517176,0.00080188155,0.262680,0.104823,0.524064
llm,severe,total_rms,3.3177083,3.3438758,0.026167511,0.023195,0.007887,0.066845
rule,sharp,ch0_band0_frac,0.0094587127,0.010205416,0.00074670347,0.113085,0.078943,0.411765
rule,sharp,ch0_band1_frac,0.97426122,0.97192596,-0.0023352615,-0.252637,-0.002397,0.474510
rule,sharp,ch0_band2_frac,0.0051635296,0.0063418193,0.0011782897,0.214886,0.228195,0.364706
rule,sharp,ch0_band3_frac,0.0035149843,0.0039816343,0.00046665002,0.501709,0.132760,0.601961
rule,sharp,ch0_band4_frac,0.0034139219,0.0038348101,0.00042088822,0.369980,0.123286,0.531373
rule,sharp,ch0_band5_frac,0.0035732116,0.0040657393,0.00049252776,0.456316,0.137839,0.491176
rule,sharp,ch0_crest,2.0371173,1.9297065,-0.10741079,-0.654069,-0.052727,0.496078
rule,sharp,ch0_kurtosis,1.6314928,1.6075699,-0.023922933,-0.395595,-0.014663,0.545098
rule,sharp,ch0_rms,1.094638,1.0916881,-0.0029499174,-0.007199,-0.002695,0.170588
rule,sharp,ch0_skewness,-0.015809661,-0.0048380309,0.01097163,0.571322,0.693983,0.453922
rule,sharp,ch0_tooth_rms_cv,0.4208966,0.4138803,-0.0070163025,-0.267063,-0.016670,0.505882
rule,sharp,ch0_tpf_amp_ratio,0.0038090365,0.0042272413,0.00041820485,0.295602,0.109793,0.475490
rule,sharp,ch1_band0_frac,0.79873941,0.80847077,0.0097313622,0.044985,0.012183,0.482353
rule,sharp,ch1_band1_frac,0.084574874,0.082276504,-0.0022983694,-0.022117,-0.027176,0.475490
rule,sharp,ch1_band2_frac,0.092882792,0.10782893,0.014946139,0.255389,0.160914,0.480392
rule,sharp,ch1_band3_frac,0.00022422419,0.0020922191,0.0018679949,10.584137,8.330925,0.931373
rule,sharp,ch1_band4_frac,0.00012508713,0.00096666827,0.00084158114,5.383907,6.727959,0.937255
rule,sharp,ch1_band5_frac,9.4011587e-05,0.00057408803,0.00048007644,3.890507,5.106567,0.428431
rule,sharp,ch1_crest,1.0581414,1.0620923,0.0039508537,0.130846,0.003734,0.442157
rule,sharp,ch1_kurtosis,2.210076,2.1932191,-0.016856874,-0.049127,-0.007627,0.949020
rule,sharp,ch1_rms,4.2847664,4.2794624,-0.0053039811,-0.003176,-0.001238,0.110784
rule,sharp,ch1_skewness,-0.021740965,-0.094671907,-0.072930942,-0.427331,-3.354540,0.732353
rule,sharp,ch1_tooth_rms_cv,0.02585174,0.02889941,0.0030476697,0.268708,0.117890,0.280392
rule,sharp,ch1_tpf_amp_ratio,0.00088323457,0.0020101602,0.0011269256,2.002063,1.275908,0.628431
rule,sharp,ch2_band0_frac,0.0093511957,0.0057971198,-0.0035540759,-0.271595,-0.380066,0.770588
rule,sharp,ch2_band1_frac,0.20806202,0.18504764,-0.023014377,-0.098187,-0.110613,0.313725
rule,sharp,ch2_band2_frac,0.20609336,0.54862657,0.34253321,1.194493,1.662029,0.205882
rule,sharp,ch2_band3_frac,0.17112238,0.19034543,0.019223055,0.187167,0.112335,0.440196
rule,sharp,ch2_band4_frac,0.1214044,0.064714643,-0.056689759,-0.532618,-0.466950,0.534314
rule,sharp,ch2_band5_frac,0.011331321,0.0064172556,-0.0049140656,-0.599587,-0.433671,0.753922
rule,sharp,ch2_crest,1.4802864,1.4254366,-0.054849857,-0.211598,-0.037054,0.554902
rule,sharp,ch2_kurtosis,2.6754214,2.2229473,-0.45247403,-0.455682,-0.169123,0.943137
rule,sharp,ch2_rms,0.94335809,0.93386913,-0.0094889562,-0.027542,-0.010059,0.092157
rule,sharp,ch2_skewness,-0.19896918,-0.42034637,-0.22137719,-0.378383,-1.112621,0.451961
rule,sharp,ch2_tooth_rms_cv,0.16432203,0.1834841,0.019162071,0.162342,0.116613,0.128431
rule,sharp,ch2_tpf_amp_ratio,0.099447236,0.066626435,-0.032820802,-0.621038,-0.330032,0.493137
rule,sharp,ch3_band0_frac,0.28610928,0.41608501,0.12997573,0.634262,0.454287,0.311765
rule,sharp,ch3_band1_frac,0.16448148,0.10535265,-0.059128829,-0.755685,-0.359486,0.370588
rule,sharp,ch3_band2_frac,0.16178827,0.22702583,0.065237562,1.023296,0.403228,0.403922
rule,sharp,ch3_band3_frac,0.13910493,0.11342569,-0.025679239,-0.482602,-0.184603,0.490196
rule,sharp,ch3_band4_frac,0.088849227,0.063498133,-0.025351094,-0.923373,-0.285327,0.575490
rule,sharp,ch3_band5_frac,0.098445368,0.077013386,-0.021431982,-0.465278,-0.217704,0.467647
rule,sharp,ch3_crest,1.1776664,1.1623879,-0.015278463,-0.287653,-0.012974,0.754902
rule,sharp,ch3_kurtosis,3.8497455,3.363091,-0.48665451,-0.549913,-0.126412,0.901961
rule,sharp,ch3_rms,0.30210757,0.30003418,-0.002073382,-0.108079,-0.006863,0.370588
rule,sharp,ch3_skewness,0.66597055,0.5445549,-0.12141565,-0.334144,-0.182314,0.627451
rule,sharp,ch3_tooth_rms_cv,0.035598482,0.036055834,0.00045735206,0.067092,0.012848,0.782353
rule,sharp,ch3_tpf_amp_ratio,0.032344303,0.036033056,0.0036887534,0.284734,0.114046,0.647059
rule,sharp,ch4_band0_frac,0.043292554,0.035632041,-0.0076605132,-0.247388,-0.176948,0.561765
rule,sharp,ch4_band1_frac,0.27473686,0.29692207,0.022185208,0.135821,0.080751,0.397059
rule,sharp,ch4_band2_frac,0.24504653,0.28512048,0.040073951,0.321100,0.163536,0.420588
rule,sharp,ch4_band3_frac,0.14874611,0.16854887,0.019802757,0.371407,0.133131,0.491176
rule,sharp,ch4_band4_frac,0.096929198,0.09322922,-0.0036999784,-0.057790,-0.038172,0.555882
rule,sharp,ch4_band5_frac,0.067408092,0.086483108,0.019075016,0.404649,0.282978,0.428431
rule,sharp,ch4_crest,1.4050384,1.4586006,0.053562149,0.293675,0.038121,0.350980
rule,sharp,ch4_kurtosis,3.2329399,3.1962632,-0.036676685,-0.058719,-0.011345,0.843137
rule,sharp,ch4_rms,0.15004914,0.15141046,0.0013613246,0.036570,0.009073,0.062745
rule,sharp,ch4_skewness,0.44215962,0.45288167,0.010722045,0.031570,0.024249,0.653922
rule,sharp,ch4_tooth_rms_cv,0.084090059,0.091573622,0.0074835631,0.183963,0.088995,0.088235
rule,sharp,ch4_tpf_amp_ratio,0.060780213,0.048018944,-0.012761269,-0.318984,-0.209958,0.565686
rule,sharp,ch5_band0_frac,0.03111954,0.023706426,-0.0074131149,-0.273570,-0.238214,0.424510
rule,sharp,ch5_band1_frac,0.20696726,0.20590749,-0.0010597711,-0.005802,-0.005120,0.399020
rule,sharp,ch5_band2_frac,0.3932928,0.47334244,0.08004964,0.525530,0.203537,0.454902
rule,sharp,ch5_band3_frac,0.13135991,0.1772309,0.045870987,0.972943,0.349201,0.462745
rule,sharp,ch5_band4_frac,0.079568349,0.053733579,-0.02583477,-0.578560,-0.324687,0.474510
rule,sharp,ch5_band5_frac,0.050727751,0.044695446,-0.0060323043,-0.119369,-0.118915,0.502941
rule,sharp,ch5_crest,1.4357989,1.4823535,0.046554604,0.284817,0.032424,0.450980
rule,sharp,ch5_kurtosis,2.9488381,3.0060335,0.05719542,0.121525,0.019396,0.555882
rule,sharp,ch5_rms,0.19132361,0.19280647,0.0014828581,0.040469,0.007751,0.145098
rule,sharp,ch5_skewness,0.38125467,0.51841686,0.13716219,0.472204,0.359765,0.410784
rule,sharp,ch5_tooth_rms_cv,0.10203803,0.10421219,0.0021741666,0.043082,0.021307,0.186275
rule,sharp,ch5_tpf_amp_ratio,0.055496024,0.040967775,-0.014528249,-0.479392,-0.261789,0.491176
rule,sharp,energy_frac_ch0,0.058475151,0.058409089,-6.6061647e-05,-0.037127,-0.001130,0.364706
rule,sharp,energy_frac_ch1,0.8836246,0.89167515,0.0080505561,0.237308,0.009111,0.145098
rule,sharp,energy_frac_ch2,0.04113655,0.042420927,0.0012843764,0.037526,0.031222,0.101961
rule,sharp,energy_frac_ch3,0.0048482995,0.0043979778,-0.00045032172,-0.166383,-0.092882,0.339216
rule,sharp,energy_frac_ch4,0.0010649405,0.001114928,4.9987492e-05,0.112585,0.046939,0.180392
rule,sharp,energy_frac_ch5,0.0018104221,0.0017908628,-1.9559331e-05,-0.017322,-0.010804,0.196078
rule,sharp,high_band_frac,0.011751773,0.011246867,-0.00050490686,-0.089429,-0.042964,0.523529
rule,sharp,total_rms,1.8646022,1.8500265,-0.01457569,-0.021180,-0.007817,0.112745
rule,worn,ch0_band0_frac,0.0046332941,0.0092230132,0.0045897192,1.620252,0.990595,0.407612
rule,worn,ch0_band1_frac,0.98208213,0.97089207,-0.011190056,-1.824033,-0.011394,0.350519
rule,worn,ch0_band2_frac,0.002728005,0.0080094267,0.0052814217,3.475227,1.936001,0.322664
rule,worn,ch0_band3_frac,0.0026568001,0.0028901344,0.00023333422,0.195971,0.087825,0.521626
rule,worn,ch0_band4_frac,0.0030907785,0.0025973716,-0.00049340691,-0.378591,-0.159638,0.645675
rule,worn,ch0_band5_frac,0.0031478864,0.0033596559,0.00021176943,0.155759,0.067274,0.489446
rule,worn,ch0_crest,1.8972932,1.9119124,0.014619267,0.083640,0.007705,0.654671
rule,worn,ch0_kurtosis,1.5981081,1.5988779,0.00076978986,0.015374,0.000482,0.696194
rule,worn,ch0_rms,1.6641238,1.6768322,0.012708417,0.014774,0.007637,0.053633
rule,worn,ch0_skewness,-0.011776697,-0.012685669,-0.00090897218,-0.045861,-0.077184,0.618858
rule,worn,ch0_tooth_rms_cv,0.39760559,0.39550577,-0.0020998266,-0.072269,-0.005281,0.544810
rule,worn,ch0_tpf_amp_ratio,0.0030529902,0.0035574263,0.00050443604,0.356835,0.165227,0.592907
rule,worn,ch1_band0_frac,0.65669002,0.80230026,0.14561023,0.226507,0.221734,0.333737
rule,worn,ch1_band1_frac,0.022030967,0.045383476,0.023352509,0.280784,1.059986,0.328374
rule,worn,ch1_band2_frac,0.083980745,0.14639841,0.062417664,0.398842,0.743238,0.283737
rule,worn,ch1_band3_frac,0.00017600102,0.0023917387,0.0022157377,8.256722,12.589346,0.968858
rule,worn,ch1_band4_frac,6.3335488e-05,0.00096060923,0.00089727374,6.408599,14.166998,0.589965
rule,worn,ch1_band5_frac,4.343938e-05,0.0006117314,0.00056829202,6.286240,13.082415,0.403806
rule,worn,ch1_crest,1.0387061,1.0402398,0.0015337775,0.036416,0.001477,0.493945
rule,worn,ch1_kurtosis,2.371822,2.0640609,-0.30776109,-0.415955,-0.129757,0.970588
rule,worn,ch1_rms,6.5480722,6.5550036,0.0069314334,0.002056,0.001059,0.070934
rule,worn,ch1_skewness,-0.031065346,0.0074205274,0.038485874,0.216577,1.238868,0.724048
rule,worn,ch1_tooth_rms_cv,0.017993949,0.017899399,-9.4549882e-05,-0.004032,-0.005255,0.245675
rule,worn,ch1_tpf_amp_ratio,0.00058047516,0.0021652233,0.0015847481,1.497811,2.730088,0.406055
rule,worn,ch2_band0_frac,0.016298047,0.010797608,-0.0055004392,-0.287672,-0.337491,0.798962
rule,worn,ch2_band1_frac,0.16039355,0.24064517,0.080251629,0.491816,0.500342,0.437543
rule,worn,ch2_band2_frac,0.29373118,0.40384084,0.11010966,0.538310,0.374865,0.254325
rule,worn,ch2_band3_frac,0.10298489,0.073160498,-0.029824388,-0.421593,-0.289600,0.390657
rule,worn,ch2_band4_frac,0.23902639,0.16368314,-0.075343257,-0.307358,-0.315209,0.427163
rule,worn,ch2_band5_frac,0.013238743,0.0099416929,-0.0032970501,-0.444963,-0.249046,0.748789
rule,worn,ch2_crest,1.374628,1.4113484,0.036720376,0.170992,0.026713,0.589965
rule,worn,ch2_kurtosis,2.6675527,2.7390136,0.071460902,0.160836,0.026789,0.927855
rule,worn,ch2_rms,0.82795875,0.81547957,-0.01247918,-0.034171,-0.015072,0.070934
rule,worn,ch2_skewness,0.018945702,0.37994272,0.36099702,0.853786,19.054296,0.500865
rule,worn,ch2_tooth_rms_cv,0.11990188,0.12683194,0.0069300574,0.097758,0.057798,0.330450
rule,worn,ch2_tpf_amp_ratio,0.10006333,0.10877052,0.0087071977,0.107771,0.087017,0.339100
rule,worn,ch3_band0_frac,0.33678739,0.38057975,0.043792355,0.195623,0.130030,0.410035
rule,worn,ch3_band1_frac,0.14046564,0.16482495,0.024359316,0.403918,0.173418,0.578893
rule,worn,ch3_band2_frac,0.1506968,0.15181196,0.0011151605,0.013874,0.007400,0.423529
rule,worn,ch3_band3_frac,0.10901849,0.095787276,-0.013231216,-0.330024,-0.121367,0.603633
rule,worn,ch3_band4_frac,0.093754223,0.074273514,-0.019480709,-0.281022,-0.207785,0.516955
rule,worn,ch3_band5_frac,0.085251241,0.09990264,0.014651399,0.418225,0.171861,0.475433
rule,worn,ch3_crest,1.1803263,1.1827905,0.0024642431,0.046088,0.002088,0.875433
rule,worn,ch3_kurtosis,3.8505793,4.0521306,0.20155132,0.140371,0.052343,0.885813
rule,worn,ch3_rms,0.29155255,0.29012296,-0.0014295912,-0.033180,-0.004903,0.138408
rule,worn,ch3_skewness,0.6679819,0.55204878,-0.11593312,-0.198599,-0.173557,0.568339
rule,worn,ch3_tooth_rms_cv,0.035931304,0.03755837,0.001627066,0.154932,0.045283,0.564014
rule,worn,ch3_tpf_amp_ratio,0.033182067,0.034000159,0.00081809219,0.036011,0.024655,0.626125
rule,worn,ch4_band0_frac,0.082662115,0.080676256,-0.0019858591,-0.032425,-0.024024,0.636332
rule,worn,ch4_band1_frac,0.18353008,0.22853133,0.045001254,0.386088,0.245198,0.476990
rule,worn,ch4_band2_frac,0.19056329,0.22316608,0.032602796,0.330703,0.171086,0.594464
rule,worn,ch4_band3_frac,0.13366667,0.15591087,0.022244199,0.398222,0.166415,0.616782
rule,worn,ch4_band4_frac,0.23987085,0.22852852,-0.011342329,-0.089567,-0.047285,0.468339
rule,worn,ch4_band5_frac,0.043851473,0.041730834,-0.002120639,-0.112986,-0.048360,0.602768
rule,worn,ch4_crest,1.4638833,1.4931736,0.02929034,0.227376,0.020009,0.492907
rule,worn,ch4_kurtosis,3.1549548,3.0965314,-0.058423438,-0.118054,-0.018518,0.854671
rule,worn,ch4_rms,0.22213867,0.2214344,-0.00070426939,-0.010555,-0.003170,0.128028
rule,worn,ch4_skewness,0.45879358,0.41664803,-0.042145555,-0.179305,-0.091862,0.629585
rule,worn,ch4_tooth_rms_cv,0.092819776,0.10204246,0.0092226801,0.349295,0.099361,0.404325
rule,worn,ch4_tpf_amp_ratio,0.09969216,0.10857628,0.008884123,0.136357,0.089116,0.399308
rule,worn,ch5_band0_frac,0.10096725,0.1249087,0.023941447,0.234975,0.237121,0.576990
rule,worn,ch5_band1_frac,0.15848011,0.15625927,-0.002220842,-0.019952,-0.014013,0.496194
rule,worn,ch5_band2_frac,0.20902555,0.20427593,-0.0047496238,-0.031084,-0.022723,0.534083
rule,worn,ch5_band3_frac,0.12866466,0.15803519,0.029370534,0.547233,0.228272,0.523702
rule,worn,ch5_band4_frac,0.19493272,0.20951509,0.014582375,0.100493,0.074807,0.420069
rule,worn,ch5_band5_frac,0.038745999,0.046731385,0.0079853861,0.318012,0.206096,0.554152
rule,worn,ch5_crest,1.4391154,1.4423162,0.0032007331,0.021145,0.002224,0.428720
rule,worn,ch5_kurtosis,3.0646275,3.1145542,0.049926653,0.104704,0.016291,0.776298
rule,worn,ch5_rms,0.27141423,0.27236716,0.0009529396,0.011800,0.003511,0.069204
rule,worn,ch5_skewness,0.46580583,0.49174565,0.025939812,0.105242,0.055688,0.613841
rule,worn,ch5_tooth_rms_cv,0.096988144,0.10078869,0.0038005472,0.116478,0.039186,0.483391
rule,worn,ch5_tpf_amp_ratio,0.083804966,0.095690255,0.011885289,0.213800,0.141821,0.492734
rule,worn,energy_frac_ch0,0.060060728,0.060266461,0.00020573374,0.025687,0.003425,0.550173
rule,worn,energy_frac_ch1,0.91149112,0.92114509,0.0096539687,0.430419,0.010591,0.164360
rule,worn,energy_frac_ch2,0.01203369,0.014117248,0.0020835572,0.187414,0.173144,0.140138
rule,worn,energy_frac_ch3,0.0018328183,0.0017886243,-4.419397e-05,-0.031784,-0.024113,0.231834
rule,worn,energy_frac_ch4,0.0010050075,0.0010593832,5.4375698e-05,0.146283,0.054105,0.344291
rule,worn,energy_frac_ch5,0.0016637536,0.0015758717,-8.788188e-05,-0.084168,-0.052821,0.157439
rule,worn,high_band_frac,0.007603618,0.0084994509,0.00089583293,0.254858,0.117817,0.861592
rule,worn,total_rms,2.7796699,2.7879812,0.0083112409,0.005918,0.002990,0.070934
rule,severe,ch0_band0_frac,0.0038062973,0.0055768053,0.001770508,0.918450,0.465152,0.418182
rule,severe,ch0_band1_frac,0.98379391,0.98132782,-0.0024660922,-0.410741,-0.002507,0.430749
rule,severe,ch0_band2_frac,0.0021466928,0.0033331731,0.0011864803,0.701452,0.552701,0.540642
rule,severe,ch0_band3_frac,0.0025995452,0.0031649528,0.00056540758,0.776271,0.217502,0.603743
rule,severe,ch0_band4_frac,0.0031918333,0.0041263658,0.00093453245,0.848402,0.292789,0.434225
rule,severe,ch0_band5_frac,0.0027958557,0.0034738366,0.00067798097,0.629571,0.242495,0.474332
rule,severe,ch0_crest,1.8477867,1.8496289,0.0018422438,0.012641,0.000997,0.467112
rule,severe,ch0_kurtosis,1.5824057,1.58028,-0.0021256712,-0.052882,-0.001343,0.743850
rule,severe,ch0_rms,1.9865755,1.9994509,0.012875474,0.016315,0.006481,0.106952
rule,severe,ch0_skewness,-0.0095735139,-0.0040974735,0.0054760404,0.255940,0.571999,0.614171
rule,severe,ch0_tooth_rms_cv,0.38562701,0.383215,-0.0024120017,-0.132529,-0.006255,0.528610
rule,severe,ch0_tpf_amp_ratio,0.0025885676,0.002823261,0.00023469344,0.225751,0.090665,0.584759
rule,severe,ch1_band0_frac,0.44006322,0.67670792,0.2366447,0.388859,0.537752,0.270053
rule,severe,ch1_band1_frac,0.017547799,0.039698655,0.022150856,0.177098,1.262315,0.482888
rule,severe,ch1_band2_frac,0.1531992,0.27523011,0.12203091,0.492323,0.796551,0.272727
rule,severe,ch1_band3_frac,0.00017953859,0.0013571982,0.0011776596,3.873861,6.559368,0.721390
rule,severe,ch1_band4_frac,7.6755411e-05,0.00051693649,0.00044018108,3.381262,5.734854,0.316845
rule,severe,ch1_band5_frac,4.7754056e-05,0.00030560004,0.00025784598,3.536396,5.399457,0.375668
rule,severe,ch1_crest,1.0278484,1.0266545,-0.0011939178,-0.026330,-0.001162,0.336898
rule,severe,ch1_kurtosis,2.4190613,2.3254978,-0.093563531,-0.151935,-0.038678,0.989305
rule,severe,ch1_rms,7.8392894,7.7983752,-0.040914211,-0.015047,-0.005219,0.074866
rule,severe,ch1_skewness,0,-0.056798955,-0.056798955,-0.345108,-56798954888.439148,0.857487
rule,severe,ch1_tooth_rms_cv,0.013223328,0.011940095,-0.0012832326,-0.060711,-0.097043,0.614973
rule,severe,ch1_tpf_amp_ratio,0.00070261043,0.0021186062,0.0014159958,0.931862,2.015336,0.291444
rule,severe,ch2_band0_frac,0.017492668,0.01814624,0.00065357132,0.050296,0.037363,0.852941
rule,severe,ch2_band1_frac,0.11771534,0.10899886,-0.0087164869,-0.055844,-0.074047,0.462567
rule,severe,ch2_band2_frac,0.23737857,0.32255583,0.085177258,0.601215,0.358825,0.387701
rule,severe,ch2_band3_frac,0.12718365,0.20589462,0.078710969,0.921856,0.618876,0.306684
rule,severe,ch2_band4_frac,0.25718348,0.23270636,-0.024477119,-0.111323,-0.095174,0.387701
rule,severe,ch2_band5_frac,0.014675545,0.018234825,0.0035592801,0.395115,0.242531,0.633422
rule,severe,ch2_crest,1.383765,1.359298,-0.02446708,-0.110543,-0.017682,0.659091
rule,severe,ch2_kurtosis,2.839591,2.8001286,-0.039462399,-0.083002,-0.013897,0.759626
rule,severe,ch2_rms,0.78906404,0.77120748,-0.017856553,-0.046103,-0.022630,0.050802
rule,severe,ch2_skewness,0.024741894,-0.022246207,-0.0469881,-0.099627,-1.899131,0.585829
rule,severe,ch2_tooth_rms_cv,0.10083669,0.10102818,0.00019149692,0.003880,0.001899,0.556150
rule,severe,ch2_tpf_amp_ratio,0.10805579,0.14574033,0.037684544,0.403193,0.348751,0.331551
rule,severe,ch3_band0_frac,0.4363322,0.49435052,0.058018321,0.502119,0.132968,0.489305
rule,severe,ch3_band1_frac,0.12724952,0.13619596,0.0089464412,0.195245,0.070306,0.438770
rule,severe,ch3_band2_frac,0.12502914,0.10782492,-0.017204215,-0.419927,-0.137602,0.543850
rule,severe,ch3_band3_frac,0.10894048,0.10802681,-0.00091367888,-0.028290,-0.008387,0.540374
rule,severe,ch3_band4_frac,0.083367948,0.072056858,-0.011311091,-0.383592,-0.135677,0.636631
rule,severe,ch3_band5_frac,0.093467763,0.08581322,-0.0076545424,-0.337700,-0.081895,0.683155
rule,severe,ch3_crest,1.1802526,1.185716,0.0054633928,0.069545,0.004629,0.833422
rule,severe,ch3_kurtosis,4.2637313,4.0472308,-0.21650051,-0.116695,-0.050777,0.871658
rule,severe,ch3_rms,0.27148575,0.27042746,-0.0010582969,-0.079227,-0.003898,0.480481
rule,severe,ch3_skewness,0.88736119,0.83034878,-0.057012405,-0.120774,-0.064249,0.746524
rule,severe,ch3_tooth_rms_cv,0.034447526,0.035178922,0.00073139557,0.082057,0.021232,0.431551
rule,severe,ch3_tpf_amp_ratio,0.028322119,0.02945013,0.00112801,0.066708,0.039828,0.701604
rule,severe,ch4_band0_frac,0.078179338,0.14680658,0.068627242,0.759973,0.877818,0.460160
rule,severe,ch4_band1_frac,0.17078561,0.15725146,-0.013534151,-0.126656,-0.079246,0.531283
rule,severe,ch4_band2_frac,0.16905695,0.19636168,0.02730473,0.311203,0.161512,0.468984
rule,severe,ch4_band3_frac,0.11869843,0.14850284,0.02980441,0.554265,0.251094,0.471658
rule,severe,ch4_band4_frac,0.31382745,0.24328734,-0.070540115,-0.483791,-0.224774,0.366310
rule,severe,ch4_band5_frac,0.038831159,0.050790554,0.011959395,0.710272,0.307984,0.604011
rule,severe,ch4_crest,1.4736626,1.5108103,0.037147707,0.250849,0.025208,0.752674
rule,severe,ch4_kurtosis,3.0820956,3.3283234,0.2462278,0.468241,0.079890,0.926738
rule,severe,ch4_rms,0.22644584,0.22325664,-0.003189197,-0.042660,-0.014084,0.072193
rule,severe,ch4_skewness,0.47984424,0.61726989,0.13742565,0.493836,0.286396,0.619519
rule,severe,ch4_tooth_rms_cv,0.090909472,0.10573094,0.014821464,0.625695,0.163035,0.312834
rule,severe,ch4_tpf_amp_ratio,0.12756172,0.12504479,-0.0025169324,-0.030465,-0.019731,0.458289
rule,severe,ch5_band0_frac,0.10491998,0.23028694,0.12536696,0.830910,1.194882,0.473529
rule,severe,ch5_band1_frac,0.1260663,0.1139445,-0.012121801,-0.167397,-0.096154,0.485027
rule,severe,ch5_band2_frac,0.16424447,0.15981895,-0.0044255248,-0.044242,-0.026945,0.613636
rule,severe,ch5_band3_frac,0.11588483,0.12735057,0.011465742,0.240024,0.098941,0.622193
rule,severe,ch5_band4_frac,0.30545003,0.22434936,-0.081100671,-0.511596,-0.265512,0.450267
rule,severe,ch5_band5_frac,0.040969138,0.043253091,0.0022839532,0.088873,0.055748,0.535027
rule,severe,ch5_crest,1.4835469,1.4962301,0.012683254,0.053009,0.008549,0.466310
rule,severe,ch5_kurtosis,3.0960516,3.1880713,0.092019641,0.132614,0.029722,0.851604
rule,severe,ch5_rms,0.26161945,0.26024457,-0.0013748786,-0.012170,-0.005255,0.061497
rule,severe,ch5_skewness,0.53375757,0.58785036,0.054092787,0.136286,0.101343,0.546524
rule,severe,ch5_tooth_rms_cv,0.092870147,0.11032783,0.017457679,0.347172,0.187979,0.410160
rule,severe,ch5_tpf_amp_ratio,0.10717617,0.096775456,-0.010400717,-0.116109,-0.097043,0.262032
rule,severe,energy_frac_ch0,0.060117685,0.060964856,0.00084717066,0.104108,0.014092,0.336096
rule,severe,energy_frac_ch1,0.91886032,0.9273983,0.0085379766,0.346874,0.009292,0.275401
rule,severe,energy_frac_ch2,0.0080881008,0.0089284449,0.0008403441,0.088843,0.103899,0.425134
rule,severe,energy_frac_ch3,0.0010628536,0.0011105848,4.7731173e-05,0.057434,0.044909,0.737968
rule,severe,energy_frac_ch4,0.00094984231,0.00075874248,-0.00019109983,-0.312496,-0.201191,0.251337
rule,severe,energy_frac_ch5,0.0012894378,0.0010117553,-0.00027768252,-0.238682,-0.215352,0.663102
rule,severe,high_band_frac,0.0076498361,0.0084267321,0.00077689604,0.254496,0.101557,0.574064
rule,severe,total_rms,3.3177083,3.3059429,-0.011765373,-0.010429,-0.003546,0.066845
random_open_loop,sharp,ch0_band0_frac,0.0094587127,0.010470979,0.0010122667,0.153303,0.107019,0.457843
random_open_loop,sharp,ch0_band1_frac,0.97426122,0.92676216,-0.047499065,-5.138621,-0.048754,0.056863
random_open_loop,sharp,ch0_band2_frac,0.0051635296,0.014483055,0.0093195256,1.699616,1.804875,0.147059
random_open_loop,sharp,ch0_band3_frac,0.0035149843,0.018974093,0.015459109,16.620538,4.398059,0.000000
random_open_loop,sharp,ch0_band4_frac,0.0034139219,0.017609826,0.014195904,12.478842,4.158239,0.000000
random_open_loop,sharp,ch0_band5_frac,0.0035732116,0.013562685,0.0099894738,9.255027,2.795657,0.005882
random_open_loop,sharp,ch0_crest,2.0371173,2.5689614,0.53184411,3.238619,0.261077,0.169608
random_open_loop,sharp,ch0_kurtosis,1.6314928,2.3520226,0.72052977,11.914854,0.441638,0.035294
random_open_loop,sharp,ch0_rms,1.094638,1.9299737,0.83533563,2.038480,0.763116,0.088235
random_open_loop,sharp,ch0_skewness,-0.015809661,-0.02308117,-0.0072715084,-0.378647,-0.459941,0.437255
random_open_loop,sharp,ch0_tooth_rms_cv,0.4208966,0.57777636,0.15687976,5.971351,0.372728,0.245098
random_open_loop,sharp,ch0_tpf_amp_ratio,0.0038090365,0.012055912,0.0082468753,5.829181,2.165082,0.054902
random_open_loop,sharp,ch1_band0_frac,0.79873941,0.65734281,-0.1413966,-0.653631,-0.177025,0.096078
random_open_loop,sharp,ch1_band1_frac,0.084574874,0.17143595,0.086861081,0.835840,1.027032,0.261765
random_open_loop,sharp,ch1_band2_frac,0.092882792,0.1312303,0.038347512,0.655255,0.412859,0.403922
random_open_loop,sharp,ch1_band3_frac,0.00022422419,0.018324372,0.018100148,102.556193,80.723440,0.931373
random_open_loop,sharp,ch1_band4_frac,0.00012508713,0.01557961,0.015454523,98.868325,123.550062,0.005882
random_open_loop,sharp,ch1_band5_frac,9.4011587e-05,0.012380957,0.012286946,99.572584,130.696078,0.000000
random_open_loop,sharp,ch1_crest,1.0581414,1.2503751,0.19223366,6.366487,0.181671,0.137255
random_open_loop,sharp,ch1_kurtosis,2.210076,2.678766,0.46869001,1.365928,0.212070,0.449020
random_open_loop,sharp,ch1_rms,4.2847664,3.3730308,-0.91173555,-0.545959,-0.212785,0.157843
random_open_loop,sharp,ch1_skewness,-0.021740965,-0.0035484678,0.018192497,0.106597,0.836784,0.833333
random_open_loop,sharp,ch1_tooth_rms_cv,0.02585174,0.088065659,0.062213919,5.485296,2.406566,0.239216
random_open_loop,sharp,ch1_tpf_amp_ratio,0.00088323457,0.010754071,0.0098708359,17.536234,11.175781,0.037255
random_open_loop,sharp,ch2_band0_frac,0.0093511957,0.01074467,0.001393474,0.106486,0.149016,0.770588
random_open_loop,sharp,ch2_band1_frac,0.20806202,0.4019012,0.19383919,0.826980,0.931641,0.290196
random_open_loop,sharp,ch2_band2_frac,0.20609336,0.2850458,0.078952441,0.275326,0.383091,0.296078
random_open_loop,sharp,ch2_band3_frac,0.17112238,0.15164741,-0.019474966,-0.189620,-0.113807,0.455882
random_open_loop,sharp,ch2_band4_frac,0.1214044,0.13541832,0.014013921,0.131665,0.115432,0.464706
random_open_loop,sharp,ch2_band5_frac,0.011331321,0.014669422,0.0033381007,0.407296,0.294591,0.607843
random_open_loop,sharp,ch2_crest,1.4802864,1.9165519,0.43626546,1.683008,0.294717,0.343137
random_open_loop,sharp,ch2_kurtosis,2.6754214,2.8132062,0.13778484,0.138762,0.051500,0.943137
random_open_loop,sharp,ch2_rms,0.94335809,0.59405331,-0.34930478,-1.013869,-0.370278,0.123529
random_open_loop,sharp,ch2_skewness,-0.19896918,-0.10113021,0.09783897,0.167229,0.491729,0.658824
random_open_loop,sharp,ch2_tooth_rms_cv,0.16432203,0.31490694,0.15058491,1.275764,0.916401,0.389216
random_open_loop,sharp,ch2_tpf_amp_ratio,0.099447236,0.090225595,-0.0092216411,-0.174493,-0.092729,0.441176
random_open_loop,sharp,ch3_band0_frac,0.28610928,0.37074606,0.084636779,0.413015,0.295820,0.309804
random_open_loop,sharp,ch3_band1_frac,0.16448148,0.16574229,0.0012608066,0.016113,0.007665,0.565686
random_open_loop,sharp,ch3_band2_frac,0.16178827,0.14617196,-0.015616302,-0.244952,-0.096523,0.498039
random_open_loop,sharp,ch3_band3_frac,0.13910493,0.13261832,-0.0064866079,-0.121906,-0.046631,0.385294
random_open_loop,sharp,ch3_band4_frac,0.088849227,0.089052058,0.00020283151,0.007388,0.002283,0.484314
random_open_loop,sharp,ch3_band5_frac,0.098445368,0.081899916,-0.016545452,-0.359194,-0.168067,0.513725
random_open_loop,sharp,ch3_crest,1.1776664,1.1286658,-0.049000572,-0.922552,-0.041608,0.785294
random_open_loop,sharp,ch3_kurtosis,3.8497455,2.8801302,-0.96961539,-1.095653,-0.251865,0.901961
random_open_loop,sharp,ch3_rms,0.30210757,0.31237143,0.01026386,0.535025,0.033974,0.198039
random_open_loop,sharp,ch3_skewness,0.66597055,-0.070396485,-0.73636704,-2.026534,-1.105705,0.153922
random_open_loop,sharp,ch3_tooth_rms_cv,0.035598482,0.034028148,-0.0015703332,-0.230363,-0.044112,0.369608
random_open_loop,sharp,ch3_tpf_amp_ratio,0.032344303,0.037381553,0.0050372503,0.388824,0.155738,0.665686
random_open_loop,sharp,ch4_band0_frac,0.043292554,0.044931456,0.0016389023,0.052927,0.037856,0.540196
random_open_loop,sharp,ch4_band1_frac,0.27473686,0.38584873,0.11111187,0.680245,0.404430,0.250980
random_open_loop,sharp,ch4_band2_frac,0.24504653,0.25012446,0.0050779271,0.040688,0.020722,0.570588
random_open_loop,sharp,ch4_band3_frac,0.14874611,0.14614658,-0.0025995323,-0.048755,-0.017476,0.524510
random_open_loop,sharp,ch4_band4_frac,0.096929198,0.11131788,0.014388686,0.224736,0.148445,0.544118
random_open_loop,sharp,ch4_band5_frac,0.067408092,0.046665178,-0.020742914,-0.440031,-0.307721,0.441176
random_open_loop,sharp,ch4_crest,1.4050384,1.3752613,-0.029777127,-0.163264,-0.021193,0.504902
random_open_loop,sharp,ch4_kurtosis,3.2329399,2.901583,-0.33135685,-0.530501,-0.102494,0.843137
random_open_loop,sharp,ch4_rms,0.15004914,0.37256135,0.22251221,5.977531,1.482929,0.065686
random_open_loop,sharp,ch4_skewness,0.44215962,-0.0049396264,-0.44709925,-1.316445,-1.011172,0.209804
random_open_loop,sharp,ch4_tooth_rms_cv,0.084090059,0.097997272,0.013907213,0.341870,0.165385,0.197059
random_open_loop,sharp,ch4_tpf_amp_ratio,0.060780213,0.063990043,0.00320983,0.080234,0.052810,0.406863
random_open_loop,sharp,ch5_band0_frac,0.03111954,0.041341352,0.010221811,0.377221,0.328469,0.508824
random_open_loop,sharp,ch5_band1_frac,0.20696726,0.39022826,0.183261,1.003273,0.885459,0.307843
random_open_loop,sharp,ch5_band2_frac,0.3932928,0.31045685,-0.082835956,-0.543823,-0.210622,0.322549
random_open_loop,sharp,ch5_band3_frac,0.13135991,0.13669953,0.0053396162,0.113256,0.040649,0.569608
random_open_loop,sharp,ch5_band4_frac,0.079568349,0.079889618,0.00032126978,0.007195,0.004038,0.557843
random_open_loop,sharp,ch5_band5_frac,0.050727751,0.039756536,-0.010971214,-0.217102,-0.216276,0.468627
random_open_loop,sharp,ch5_crest,1.4357989,1.1530261,-0.28277282,-1.729980,-0.196945,0.260784
random_open_loop,sharp,ch5_kurtosis,2.9488381,2.7221332,-0.22670486,-0.481687,-0.076879,0.615686
random_open_loop,sharp,ch5_rms,0.19132361,0.51711318,0.32578957,8.891233,1.702819,0.209804
random_open_loop,sharp,ch5_skewness,0.38125467,-0.10870318,-0.48995786,-1.686762,-1.285120,0.290196
random_open_loop,sharp,ch5_tooth_rms_cv,0.10203803,0.045913609,-0.056124417,-1.112138,-0.550034,0.237255
random_open_loop,sharp,ch5_tpf_amp_ratio,0.055496024,0.047480609,-0.0080154155,-0.264486,-0.144432,0.492157
random_open_loop,sharp,energy_frac_ch0,0.058475151,0.27289843,0.21442328,120.508520,3.666913,0.150000
random_open_loop,sharp,energy_frac_ch1,0.8836246,0.57409894,-0.30952565,-9.123955,-0.350291,0.191176
random_open_loop,sharp,energy_frac_ch2,0.04113655,0.054386624,0.013250074,0.387136,0.322100,0.331373
random_open_loop,sharp,energy_frac_ch3,0.0048482995,0.013308516,0.0084602169,3.125844,1.744986,0.235294
random_open_loop,sharp,energy_frac_ch4,0.0010649405,0.0083936045,0.007328664,16.506112,6.881759,0.374510
random_open_loop,sharp,energy_frac_ch5,0.0018104221,0.021153301,0.019342879,17.130411,10.684182,0.201961
random_open_loop,sharp,high_band_frac,0.011751773,0.035936039,0.024184265,4.283498,2.057925,0.135294
random_open_loop,sharp,total_rms,1.8646022,1.6959985,-0.16860371,-0.245000,-0.090423,0.152941
random_open_loop,worn,ch0_band0_frac,0.0046332941,0.0067699547,0.0021366607,0.754279,0.461154,0.506055
random_open_loop,worn,ch0_band1_frac,0.98208213,0.93278182,-0.049300311,-8.036187,-0.050200,0.001730
random_open_loop,worn,ch0_band2_frac,0.002728005,0.012224794,0.0094967887,6.248979,3.481221,0.029412
random_open_loop,worn,ch0_band3_frac,0.0026568001,0.017641119,0.014984319,12.584915,5.639987,0.000000
random_open_loop,worn,ch0_band4_frac,0.0030907785,0.017556884,0.014466105,11.099847,4.680408,0.000000
random_open_loop,worn,ch0_band5_frac,0.0031478864,0.013851631,0.010703745,7.872756,3.400296,0.000000
random_open_loop,worn,ch0_crest,1.8972932,2.6159143,0.71862113,4.111395,0.378761,0.145156
random_open_loop,worn,ch0_kurtosis,1.5981081,2.487276,0.88916789,17.758179,0.556388,0.039792
random_open_loop,worn,ch0_rms,1.6641238,1.2659924,-0.39813146,-0.462841,-0.239244,0.150519
random_open_loop,worn,ch0_skewness,-0.011776697,0.01494596,0.026722657,1.348255,2.269113,0.233564
random_open_loop,worn,ch0_tooth_rms_cv,0.39760559,0.57688893,0.17928334,6.170296,0.450907,0.103806
random_open_loop,worn,ch0_tpf_amp_ratio,0.0030529902,0.010966088,0.0079130976,5.597683,2.591917,0.036332
random_open_loop,worn,ch1_band0_frac,0.65669002,0.75661184,0.099921817,0.155435,0.152160,0.171280
random_open_loop,worn,ch1_band1_frac,0.022030967,0.1068089,0.084777931,1.019345,3.848126,0.200519
random_open_loop,worn,ch1_band2_frac,0.083980745,0.060079008,-0.023901738,-0.152730,-0.284610,0.243945
random_open_loop,worn,ch1_band3_frac,0.00017600102,0.027671849,0.027495848,102.460486,156.225506,0.200000
random_open_loop,worn,ch1_band4_frac,6.3335488e-05,0.02560149,0.025538154,182.401173,403.220289,0.008651
random_open_loop,worn,ch1_band5_frac,4.343938e-05,0.020441721,0.020398281,225.638372,469.580384,0.000000
random_open_loop,worn,ch1_crest,1.0387061,1.1158079,0.077101868,1.830625,0.074229,0.359170
random_open_loop,worn,ch1_kurtosis,2.371822,2.5144474,0.14262544,0.192765,0.060133,0.970588
random_open_loop,worn,ch1_rms,6.5480722,8.8179343,2.2698621,0.673276,0.346646,0.108824
random_open_loop,worn,ch1_skewness,-0.031065346,-0.25747506,-0.22640972,-1.274107,-7.288176,0.670242
random_open_loop,worn,ch1_tooth_rms_cv,0.017993949,0.052244702,0.034250753,1.460732,1.903460,0.380623
random_open_loop,worn,ch1_tpf_amp_ratio,0.00058047516,0.010317139,0.0097366638,9.202524,16.773610,0.010381
random_open_loop,worn,ch2_band0_frac,0.016298047,0.026845825,0.010547777,0.551646,0.647180,0.621280
random_open_loop,worn,ch2_band1_frac,0.16039355,0.3299752,0.16958165,1.039267,1.057285,0.346021
random_open_loop,worn,ch2_band2_frac,0.29373118,0.44803601,0.15430484,0.754374,0.525327,0.411765
random_open_loop,worn,ch2_band3_frac,0.10298489,0.086698202,-0.016286684,-0.230226,-0.158146,0.432180
random_open_loop,worn,ch2_band4_frac,0.23902639,0.076598917,-0.16242748,-0.662612,-0.679538,0.340484
random_open_loop,worn,ch2_band5_frac,0.013238743,0.023096565,0.009857822,1.330392,0.744619,0.337197
random_open_loop,worn,ch2_crest,1.374628,1.6474044,0.27277644,1.270209,0.198437,0.444118
random_open_loop,worn,ch2_kurtosis,2.6675527,2.6752263,0.0076736155,0.017271,0.002877,0.702076
random_open_loop,worn,ch2_rms,0.82795875,0.74245366,-0.085505089,-0.234135,-0.103272,0.328374
random_open_loop,worn,ch2_skewness,0.018945702,-0.085947052,-0.10489275,-0.248080,-5.536493,0.572318
random_open_loop,worn,ch2_tooth_rms_cv,0.11990188,0.21861088,0.098708996,1.392433,0.823248,0.300692
random_open_loop,worn,ch2_tpf_amp_ratio,0.10006333,0.066047458,-0.034015869,-0.421022,-0.339943,0.302768
random_open_loop,worn,ch3_band0_frac,0.33678739,0.46793639,0.131149,0.585851,0.389412,0.342561
random_open_loop,worn,ch3_band1_frac,0.14046564,0.13224442,-0.0082212214,-0.136322,-0.058528,0.541176
random_open_loop,worn,ch3_band2_frac,0.1506968,0.14313545,-0.0075613458,-0.094072,-0.050176,0.482180
random_open_loop,worn,ch3_band3_frac,0.10901849,0.11160262,0.002584127,0.064456,0.023704,0.592734
random_open_loop,worn,ch3_band4_frac,0.093754223,0.085012589,-0.0087416337,-0.126104,-0.093240,0.449827
random_open_loop,worn,ch3_band5_frac,0.085251241,0.063196329,-0.022054913,-0.629559,-0.258705,0.361419
random_open_loop,worn,ch3_crest,1.1803263,1.0877997,-0.092526559,-1.730512,-0.078391,0.290657
random_open_loop,worn,ch3_kurtosis,3.8505793,2.9090985,-0.9414808,-0.655696,-0.244504,0.885813
random_open_loop,worn,ch3_rms,0.29155255,0.79649637,0.50494382,11.719539,1.731914,0.043253
random_open_loop,worn,ch3_skewness,0.6679819,-0.056046804,-0.72402871,-1.240296,-1.083905,0.294118
random_open_loop,worn,ch3_tooth_rms_cv,0.035931304,0.025655542,-0.010275761,-0.978476,-0.285984,0.186332
random_open_loop,worn,ch3_tpf_amp_ratio,0.033182067,0.033363298,0.00018123118,0.007977,0.005462,0.501730
random_open_loop,worn,ch4_band0_frac,0.082662115,0.10365749,0.020995373,0.342809,0.253990,0.407958
random_open_loop,worn,ch4_band1_frac,0.18353008,0.24945086,0.065920779,0.565566,0.359182,0.319896
random_open_loop,worn,ch4_band2_frac,0.19056329,0.26547981,0.074916524,0.759909,0.393132,0.470242
random_open_loop,worn,ch4_band3_frac,0.13366667,0.14991479,0.016248119,0.290878,0.121557,0.490830
random_open_loop,worn,ch4_band4_frac,0.23987085,0.16551433,-0.074356514,-0.587172,-0.309986,0.269723
random_open_loop,worn,ch4_band5_frac,0.043851473,0.058188671,0.014337198,0.763873,0.326949,0.364533
random_open_loop,worn,ch4_crest,1.4638833,1.2048513,-0.25903198,-2.010820,-0.176949,0.226125
random_open_loop,worn,ch4_kurtosis,3.1549548,2.9390196,-0.21593525,-0.436333,-0.068443,0.595156
random_open_loop,worn,ch4_rms,0.22213867,0.18511285,-0.03702582,-0.554917,-0.166679,0.316090
random_open_loop,worn,ch4_skewness,0.45879358,0.035985404,-0.42280818,-1.798807,-0.921565,0.136678
random_open_loop,worn,ch4_tooth_rms_cv,0.092819776,0.055818771,-0.037001006,-1.401357,-0.398633,0.217474
random_open_loop,worn,ch4_tpf_amp_ratio,0.09969216,0.061992221,-0.037699939,-0.578632,-0.378164,0.287024
random_open_loop,worn,ch5_band0_frac,0.10096725,0.12517078,0.024203523,0.237547,0.239717,0.332180
random_open_loop,worn,ch5_band1_frac,0.15848011,0.25724238,0.098762275,0.887269,0.623184,0.342042
random_open_loop,worn,ch5_band2_frac,0.20902555,0.2545589,0.045533353,0.297995,0.217836,0.437370
random_open_loop,worn,ch5_band3_frac,0.12866466,0.14253495,0.013870294,0.258432,0.107802,0.517128
random_open_loop,worn,ch5_band4_frac,0.19493272,0.1638897,-0.031043021,-0.213929,-0.159250,0.273356
random_open_loop,worn,ch5_band5_frac,0.038745999,0.050475231,0.011729232,0.467108,0.302721,0.410035
random_open_loop,worn,ch5_crest,1.4391154,1.2127178,-0.22639764,-1.495673,-0.157317,0.103806
random_open_loop,worn,ch5_kurtosis,3.0646275,2.9687009,-0.095926641,-0.201174,-0.031301,0.634602
random_open_loop,worn,ch5_rms,0.27141423,0.76322519,0.49181096,6.089720,1.812031,0.034602
random_open_loop,worn,ch5_skewness,0.46580583,-0.036916403,-0.50272224,-2.039629,-1.079253,0.191869
random_open_loop,worn,ch5_tooth_rms_cv,0.096988144,0.058532898,-0.038455246,-1.178567,-0.396494,0.211073
random_open_loop,worn,ch5_tpf_amp_ratio,0.083804966,0.062591819,-0.021213148,-0.381595,-0.253125,0.216263
random_open_loop,worn,energy_frac_ch0,0.060060728,0.066929456,0.006868728,0.857615,0.114363,0.152249
random_open_loop,worn,energy_frac_ch1,0.91149112,0.90331132,-0.0081797962,-0.364694,-0.008974,0.265744
random_open_loop,worn,energy_frac_ch2,0.01203369,0.0092763379,-0.0027573524,-0.248022,-0.229136,0.569204
random_open_loop,worn,energy_frac_ch3,0.0018328183,0.004204019,0.0023712007,1.705343,1.293746,0.321626
random_open_loop,worn,energy_frac_ch4,0.0010050075,0.0013878368,0.00038282932,1.029900,0.380922,0.713495
random_open_loop,worn,energy_frac_ch5,0.0016637536,0.0088957356,0.007231982,6.926375,4.346787,0.126298
random_open_loop,worn,high_band_frac,0.007603618,0.034839674,0.027236056,7.748472,3.581986,0.058824
random_open_loop,worn,total_rms,2.7796699,3.6855857,0.90591582,0.645095,0.325908,0.171107
random_open_loop,severe,ch0_band0_frac,0.0038062973,0.0067445147,0.0029382174,1.524199,0.771936,0.425401
random_open_loop,severe,ch0_band1_frac,0.98379391,0.93404568,-0.049748234,-8.285845,-0.050568,0.000000
random_open_loop,severe,ch0_band2_frac,0.0021466928,0.012846189,0.010699496,6.325583,4.984177,0.010695
random_open_loop,severe,ch0_band3_frac,0.0025995452,0.015459075,0.01285953,17.655373,4.946838,0.000000
random_open_loop,severe,ch0_band4_frac,0.0031918333,0.017397167,0.014205334,12.896112,4.450525,0.000000
random_open_loop,severe,ch0_band5_frac,0.0027958557,0.011327043,0.0085311872,7.922038,3.051369,0.010695
random_open_loop,severe,ch0_crest,1.8477867,2.5421642,0.69437755,4.764540,0.375789,0.045455
random_open_loop,severe,ch0_kurtosis,1.5824057,2.3430031,0.76059744,18.921982,0.480659,0.021390
random_open_loop,severe,ch0_rms,1.9865755,2.3102672,0.32369169,0.410164,0.162940,0.261230
random_open_loop,severe,ch0_skewness,-0.0095735139,-0.0082856922,0.0012878217,0.060190,0.134519,0.380749
random_open_loop,severe,ch0_tooth_rms_cv,0.38562701,0.58932093,0.20369393,11.192120,0.528215,0.069519
random_open_loop,severe,ch0_tpf_amp_ratio,0.0025885676,0.01093974,0.0083511722,8.032959,3.226175,0.005348
random_open_loop,severe,ch1_band0_frac,0.44006322,0.73475892,0.2946957,0.484250,0.669667,0.163102
random_open_loop,severe,ch1_band1_frac,0.017547799,0.11493409,0.097386287,0.778610,5.549772,0.224599
random_open_loop,severe,ch1_band2_frac,0.1531992,0.056061009,-0.097138187,-0.391895,-0.634065,0.069519
random_open_loop,severe,ch1_band3_frac,0.00017953859,0.028900173,0.028720635,94.475307,159.969148,0.000000
random_open_loop,severe,ch1_band4_frac,7.6755411e-05,0.024329649,0.024252893,186.299195,315.976326,0.000000
random_open_loop,severe,ch1_band5_frac,4.7754056e-05,0.020532966,0.020485212,280.957693,428.973220,0.000000
random_open_loop,severe,ch1_crest,1.0278484,1.135502,0.10765358,2.374105,0.104737,0.406952
random_open_loop,severe,ch1_kurtosis,2.4190613,2.5647361,0.14567472,0.236557,0.060220,0.989305
random_open_loop,severe,ch1_rms,7.8392894,8.4250233,0.58573391,0.215413,0.074718,0.163102
random_open_loop,severe,ch1_skewness,0,0.028924235,0.028924235,0.175742,28924234610.662785,0.876203
random_open_loop,severe,ch1_tooth_rms_cv,0.013223328,0.054309022,0.041085694,1.943802,3.107062,0.409626
random_open_loop,severe,ch1_tpf_amp_ratio,0.00070261043,0.010804993,0.010102382,6.648346,14.378355,0.000000
random_open_loop,severe,ch2_band0_frac,0.017492668,0.029956059,0.012463391,0.959126,0.712492,0.487166
random_open_loop,severe,ch2_band1_frac,0.11771534,0.30595651,0.18824116,1.206007,1.599122,0.210428
random_open_loop,severe,ch2_band2_frac,0.23737857,0.37384337,0.13646479,0.963223,0.574883,0.345187
random_open_loop,severe,ch2_band3_frac,0.12718365,0.1297856,0.0026019507,0.030474,0.020458,0.414706
random_open_loop,severe,ch2_band4_frac,0.25718348,0.13352464,-0.12365884,-0.562404,-0.480820,0.247861
random_open_loop,severe,ch2_band5_frac,0.014675545,0.025446439,0.010770894,1.195675,0.733935,0.398396
random_open_loop,severe,ch2_crest,1.383765,1.6999275,0.31616246,1.428435,0.228480,0.538770
random_open_loop,severe,ch2_kurtosis,2.839591,2.8169327,-0.022658295,-0.047657,-0.007979,0.809626
random_open_loop,severe,ch2_rms,0.78906404,0.79186842,0.0028043802,0.007240,0.003554,0.205882
random_open_loop,severe,ch2_skewness,0.024741894,0.016144732,-0.0085971623,-0.018228,-0.347474,0.675668
random_open_loop,severe,ch2_tooth_rms_cv,0.10083669,0.16277984,0.061943151,1.255119,0.614292,0.291444
random_open_loop,severe,ch2_tpf_amp_ratio,0.10805579,0.080377421,-0.027678365,-0.296135,-0.256149,0.248663
random_open_loop,severe,ch3_band0_frac,0.4363322,0.50543281,0.069100606,0.598030,0.158367,0.475134
random_open_loop,severe,ch3_band1_frac,0.12724952,0.11178598,-0.015463546,-0.337472,-0.121521,0.593048
random_open_loop,severe,ch3_band2_frac,0.12502914,0.11727948,-0.0077496571,-0.189157,-0.061983,0.503743
random_open_loop,severe,ch3_band3_frac,0.10894048,0.11022856,0.0012880732,0.039883,0.011824,0.491176
random_open_loop,severe,ch3_band4_frac,0.083367948,0.077462893,-0.0059050554,-0.200257,-0.070831,0.645722
random_open_loop,severe,ch3_band5_frac,0.093467763,0.06842053,-0.025047233,-1.105024,-0.267977,0.373797
random_open_loop,severe,ch3_crest,1.1802526,1.1136985,-0.0665541,-0.847185,-0.056390,0.879947
random_open_loop,severe,ch3_kurtosis,4.2637313,2.8641544,-1.3995769,-0.754382,-0.328252,0.866310
random_open_loop,severe,ch3_rms,0.27148575,0.41118932,0.13970357,10.458583,0.514589,0.106952
random_open_loop,severe,ch3_skewness,0.88736119,-0.0010802159,-0.8884414,-1.882058,-1.001217,0.152674
random_open_loop,severe,ch3_tooth_rms_cv,0.034447526,0.034043029,-0.00040449732,-0.045382,-0.011742,0.661497
random_open_loop,severe,ch3_tpf_amp_ratio,0.028322119,0.026721846,-0.0016002734,-0.094636,-0.056503,0.507219
random_open_loop,severe,ch4_band0_frac,0.078179338,0.076626619,-0.0015527186,-0.017195,-0.019861,0.273797
random_open_loop,severe,ch4_band1_frac,0.17078561,0.24288771,0.072102097,0.674752,0.422179,0.418182
random_open_loop,severe,ch4_band2_frac,0.16905695,0.21039067,0.041333722,0.471098,0.244496,0.410160
random_open_loop,severe,ch4_band3_frac,0.11869843,0.15471711,0.036018678,0.669830,0.303447,0.334225
random_open_loop,severe,ch4_band4_frac,0.31382745,0.25465077,-0.059176684,-0.405857,-0.188564,0.357487
random_open_loop,severe,ch4_band5_frac,0.038831159,0.05291098,0.014079821,0.836205,0.362591,0.430749
random_open_loop,severe,ch4_crest,1.4736626,1.5287123,0.05504974,0.371737,0.037356,0.289037
random_open_loop,severe,ch4_kurtosis,3.0820956,2.9939122,-0.088183476,-0.167695,-0.028612,0.926738
random_open_loop,severe,ch4_rms,0.22644584,0.28756755,0.061121716,0.817598,0.269918,0.393048
random_open_loop,severe,ch4_skewness,0.47984424,0.025678504,-0.45416574,-1.632033,-0.946486,0.242781
random_open_loop,severe,ch4_tooth_rms_cv,0.090909472,0.12732535,0.036415877,1.537312,0.400573,0.148930
random_open_loop,severe,ch4_tpf_amp_ratio,0.12756172,0.11000592,-0.0175558,-0.212496,-0.137626,0.335294
random_open_loop,severe,ch5_band0_frac,0.10491998,0.11370854,0.0087885559,0.058249,0.083764,0.254011
random_open_loop,severe,ch5_band1_frac,0.1260663,0.21016395,0.084097648,1.161356,0.667091,0.215775
random_open_loop,severe,ch5_band2_frac,0.16424447,0.20643119,0.042186722,0.421742,0.256853,0.330749
random_open_loop,severe,ch5_band3_frac,0.11588483,0.14442574,0.028540915,0.597476,0.246287,0.302139
random_open_loop,severe,ch5_band4_frac,0.30545003,0.26482415,-0.040625882,-0.256275,-0.133003,0.444118
random_open_loop,severe,ch5_band5_frac,0.040969138,0.05539786,0.014428721,0.561448,0.352185,0.402139
random_open_loop,severe,ch5_crest,1.4835469,1.509134,0.025587107,0.106939,0.017247,0.520321
random_open_loop,severe,ch5_kurtosis,3.0960516,2.9806684,-0.11538325,-0.166285,-0.037268,0.629412
random_open_loop,severe,ch5_rms,0.26161945,0.20864383,-0.05297562,-0.468937,-0.202491,0.232620
random_open_loop,severe,ch5_skewness,0.53375757,0.0085315234,-0.52522605,-1.323300,-0.984016,0.112299
random_open_loop,severe,ch5_tooth_rms_cv,0.092870147,0.12200964,0.029139497,0.579483,0.313766,0.452406
random_open_loop,severe,ch5_tpf_amp_ratio,0.10717617,0.094290294,-0.012885879,-0.143852,-0.120231,0.288770
random_open_loop,severe,energy_frac_ch0,0.060117685,0.097363773,0.037246088,4.577116,0.619553,0.339037
random_open_loop,severe,energy_frac_ch1,0.91886032,0.87643809,-0.042422229,-1.723494,-0.046168,0.428075
random_open_loop,severe,energy_frac_ch2,0.0080881008,0.0067465976,-0.0013415032,-0.141827,-0.165861,0.693850
random_open_loop,severe,energy_frac_ch3,0.0010628536,0.0011026179,3.9764306e-05,0.047848,0.037413,0.644385
random_open_loop,severe,energy_frac_ch4,0.00094984231,0.0055206925,0.0045708502,7.474488,4.812220,0.432620
random_open_loop,severe,energy_frac_ch5,0.0012894378,0.00042047522,-0.00086896259,-0.746918,-0.673908,0.576738
random_open_loop,severe,high_band_frac,0.0076498361,0.031439915,0.023790079,7.793157,3.109881,0.026738
random_open_loop,severe,total_rms,3.3177083,3.6000956,0.28238726,0.250311,0.085115,0.168449
noise_aug,sharp,ch0_band0_frac,0.0094587127,0.0091248983,-0.00033381441,-0.050555,-0.035292,0.566667
noise_aug,sharp,ch0_band1_frac,0.97426122,0.9626808,-0.011580424,-1.252812,-0.011886,0.306863
noise_aug,sharp,ch0_band2_frac,0.0051635296,0.0062529196,0.00108939,0.198674,0.210978,0.350000
noise_aug,sharp,ch0_band3_frac,0.0035149843,0.0039860824,0.00047109816,0.506491,0.134026,0.560784
noise_aug,sharp,ch0_band4_frac,0.0034139219,0.0047552707,0.0013413488,1.179106,0.392906,0.465686
noise_aug,sharp,ch0_band5_frac,0.0035732116,0.0045050168,0.00093180522,0.863297,0.260775,0.457843
noise_aug,sharp,ch0_crest,2.0371173,2.0405199,0.0034025543,0.020720,0.001670,0.500000
noise_aug,sharp,ch0_kurtosis,1.6314928,1.6724715,0.040978663,0.677633,0.025117,0.734314
noise_aug,sharp,ch0_rms,1.094638,0.89634412,-0.19829392,-0.483899,-0.181150,0.351961
noise_aug,sharp,ch0_skewness,-0.015809661,-0.01597338,-0.00016371838,-0.008525,-0.010356,0.630392
noise_aug,sharp,ch0_tooth_rms_cv,0.4208966,0.43679784,0.015901241,0.605253,0.037779,0.552941
noise_aug,sharp,ch0_tpf_amp_ratio,0.0038090365,0.004300769,0.00049173253,0.347574,0.129096,0.524510
noise_aug,sharp,ch1_band0_frac,0.79873941,0.42705235,-0.37168705,-1.718190,-0.465342,0.238235
noise_aug,sharp,ch1_band1_frac,0.084574874,0.081580217,-0.0029946569,-0.028817,-0.035408,0.496078
noise_aug,sharp,ch1_band2_frac,0.092882792,0.11246576,0.019582965,0.334620,0.210835,0.583333
noise_aug,sharp,ch1_band3_frac,0.00022422419,0.12060712,0.1203829,682.094498,536.886294,0.023529
noise_aug,sharp,ch1_band4_frac,0.00012508713,0.10529037,0.10516528,672.781394,840.736231,0.013725
noise_aug,sharp,ch1_band5_frac,9.4011587e-05,0.080225618,0.080131607,649.381163,852.358826,0.000000
noise_aug,sharp,ch1_crest,1.0581414,1.1415955,0.083454058,2.763872,0.078869,0.508824
noise_aug,sharp,ch1_kurtosis,2.210076,2.6749402,0.46486425,1.354779,0.210339,0.660784
noise_aug,sharp,ch1_rms,4.2847664,3.5618459,-0.72292053,-0.432894,-0.168719,0.340196
noise_aug,sharp,ch1_skewness,-0.021740965,-0.017881174,0.0038597902,0.022616,0.177535,0.826471
noise_aug,sharp,ch1_tooth_rms_cv,0.02585174,0.037766955,0.011915214,1.050544,0.460906,0.601961
noise_aug,sharp,ch1_tpf_amp_ratio,0.00088323457,0.018114052,0.017230817,30.611759,19.508767,0.050980
noise_aug,sharp,ch2_band0_frac,0.0093511957,0.019086121,0.0097349258,0.743923,1.041035,0.874510
noise_aug,sharp,ch2_band1_frac,0.20806202,0.29045394,0.082391924,0.351510,0.395997,0.435294
noise_aug,sharp,ch2_band2_frac,0.20609336,0.15563721,-0.050456147,-0.175952,-0.244822,0.446078
noise_aug,sharp,ch2_band3_frac,0.17112238,0.18550315,0.014380769,0.140020,0.084038,0.518627
noise_aug,sharp,ch2_band4_frac,0.1214044,0.18710138,0.065696979,0.617244,0.541142,0.454902
noise_aug,sharp,ch2_band5_frac,0.011331321,0.016299028,0.0049677068,0.606132,0.438405,0.773529
noise_aug,sharp,ch2_crest,1.4802864,1.6371818,0.15689544,0.605265,0.105990,0.542157
noise_aug,sharp,ch2_kurtosis,2.6754214,2.9971785,0.32175707,0.324038,0.120264,0.943137
noise_aug,sharp,ch2_rms,0.94335809,0.71232334,-0.23103474,-0.670586,-0.244907,0.508824
noise_aug,sharp,ch2_skewness,-0.19896918,0.067498122,0.2664673,0.455452,1.339239,0.494118
noise_aug,sharp,ch2_tooth_rms_cv,0.16432203,0.25271477,0.088392737,0.748869,0.537924,0.559804
noise_aug,sharp,ch2_tpf_amp_ratio,0.099447236,0.10559405,0.0061468168,0.116311,0.061810,0.352941
noise_aug,sharp,ch3_band0_frac,0.28610928,0.27897066,-0.0071386143,-0.034835,-0.024951,0.352941
noise_aug,sharp,ch3_band1_frac,0.16448148,0.17365496,0.0091734776,0.117240,0.055772,0.461765
noise_aug,sharp,ch3_band2_frac,0.16178827,0.13720805,-0.024580218,-0.385558,-0.151928,0.584314
noise_aug,sharp,ch3_band3_frac,0.13910493,0.12187029,-0.017234638,-0.323898,-0.123897,0.551961
noise_aug,sharp,ch3_band4_frac,0.088849227,0.10084745,0.01199822,0.437016,0.135040,0.743137
noise_aug,sharp,ch3_band5_frac,0.098445368,0.096015245,-0.0024301231,-0.052757,-0.024685,0.456863
noise_aug,sharp,ch3_crest,1.1776664,1.2360425,0.0583761,1.099069,0.049569,0.588235
noise_aug,sharp,ch3_kurtosis,3.8497455,5.4669109,1.6171654,1.827376,0.420071,0.602941
noise_aug,sharp,ch3_rms,0.30210757,0.30172737,-0.00038019445,-0.019818,-0.001258,0.573529
noise_aug,sharp,ch3_skewness,0.66597055,0.93285057,0.26688002,0.734473,0.400738,0.530392
noise_aug,sharp,ch3_tooth_rms_cv,0.035598482,0.037895767,0.0022972857,0.337005,0.064533,0.723529
noise_aug,sharp,ch3_tpf_amp_ratio,0.032344303,0.029617939,-0.0027263639,-0.210447,-0.084292,0.660784
noise_aug,sharp,ch4_band0_frac,0.043292554,0.034581408,-0.0087111459,-0.281317,-0.201216,0.547059
noise_aug,sharp,ch4_band1_frac,0.27473686,0.27628374,0.0015468787,0.009470,0.005630,0.388235
noise_aug,sharp,ch4_band2_frac,0.24504653,0.19972969,-0.045316842,-0.363109,-0.184932,0.461765
noise_aug,sharp,ch4_band3_frac,0.14874611,0.16317083,0.014424719,0.270540,0.096975,0.407843
noise_aug,sharp,ch4_band4_frac,0.096929198,0.09588135,-0.001047848,-0.016366,-0.010810,0.523529
noise_aug,sharp,ch4_band5_frac,0.067408092,0.052198615,-0.015209477,-0.322647,-0.225633,0.520588
noise_aug,sharp,ch4_crest,1.4050384,1.4477168,0.042678388,0.234000,0.030375,0.676471
noise_aug,sharp,ch4_kurtosis,3.2329399,3.6157552,0.38281534,0.612886,0.118411,0.865686
noise_aug,sharp,ch4_rms,0.15004914,0.15673977,0.006690627,0.179736,0.044590,0.516667
noise_aug,sharp,ch4_skewness,0.44215962,0.57341932,0.1312597,0.386483,0.296860,0.652941
noise_aug,sharp,ch4_tooth_rms_cv,0.084090059,0.095528587,0.011438528,0.281185,0.136027,0.575490
noise_aug,sharp,ch4_tpf_amp_ratio,0.060780213,0.064359168,0.003578955,0.089461,0.058884,0.508824
noise_aug,sharp,ch5_band0_frac,0.03111954,0.0265488,-0.0045707401,-0.168676,-0.146877,0.576471
noise_aug,sharp,ch5_band1_frac,0.20696726,0.19430927,-0.012657985,-0.069297,-0.061159,0.435294
noise_aug,sharp,ch5_band2_frac,0.3932928,0.33892945,-0.054363354,-0.356899,-0.138226,0.455882
noise_aug,sharp,ch5_band3_frac,0.13135991,0.11922653,-0.012133384,-0.257354,-0.092367,0.406863
noise_aug,sharp,ch5_band4_frac,0.079568349,0.081370046,0.0018016975,0.040348,0.022643,0.663725
noise_aug,sharp,ch5_band5_frac,0.050727751,0.079547809,0.028820058,0.570300,0.568132,0.526471
noise_aug,sharp,ch5_crest,1.4357989,1.4843409,0.048541987,0.296976,0.033808,0.333333
noise_aug,sharp,ch5_kurtosis,2.9488381,3.1675146,0.21867655,0.464629,0.074157,0.786275
noise_aug,sharp,ch5_rms,0.19132361,0.19419217,0.0028685558,0.078287,0.014993,0.535294
noise_aug,sharp,ch5_skewness,0.38125467,0.39769742,0.016442748,0.056607,0.043128,0.599020
noise_aug,sharp,ch5_tooth_rms_cv,0.10203803,0.1311911,0.029153077,0.577685,0.285708,0.462745
noise_aug,sharp,ch5_tpf_amp_ratio,0.055496024,0.061261103,0.0057650791,0.190232,0.103883,0.537255
noise_aug,sharp,energy_frac_ch0,0.058475151,0.059119053,0.00064390185,0.361881,0.011012,0.610784
noise_aug,sharp,energy_frac_ch1,0.8836246,0.90423256,0.020607965,0.607465,0.023322,0.500980
noise_aug,sharp,energy_frac_ch2,0.04113655,0.025950779,-0.015185771,-0.443693,-0.369155,0.473529
noise_aug,sharp,energy_frac_ch3,0.0048482995,0.006405934,0.0015576346,0.575508,0.321274,0.583333
noise_aug,sharp,energy_frac_ch4,0.0010649405,0.001406088,0.00034114754,0.768356,0.320344,0.553922
noise_aug,sharp,energy_frac_ch5,0.0018104221,0.0029233777,0.0011129556,0.985654,0.614749,0.408824
noise_aug,sharp,high_band_frac,0.011751773,0.018254283,0.0065025096,1.151719,0.553322,0.650000
noise_aug,sharp,total_rms,1.8646022,1.5286653,-0.33593683,-0.488153,-0.180165,0.353922
noise_aug,worn,ch0_band0_frac,0.0046332941,0.0062263067,0.0015930126,0.562362,0.343819,0.320069
noise_aug,worn,ch0_band1_frac,0.98208213,0.97742819,-0.0046539342,-0.758614,-0.004739,0.364706
noise_aug,worn,ch0_band2_frac,0.002728005,0.0035939055,0.00086590051,0.569771,0.317412,0.537716
noise_aug,worn,ch0_band3_frac,0.0026568001,0.0030897024,0.00043290228,0.363583,0.162941,0.653287
noise_aug,worn,ch0_band4_frac,0.0030907785,0.0036880148,0.00059723632,0.458260,0.193232,0.523702
noise_aug,worn,ch0_band5_frac,0.0031478864,0.0035968801,0.00044899363,0.330241,0.142633,0.409862
noise_aug,worn,ch0_crest,1.8972932,2.0111749,0.11388173,0.651543,0.060023,0.598443
noise_aug,worn,ch0_kurtosis,1.5981081,1.630473,0.032364907,0.646382,0.020252,0.739619
noise_aug,worn,ch0_rms,1.6641238,1.3650666,-0.29905721,-0.347664,-0.179709,0.432353
noise_aug,worn,ch0_skewness,-0.011776697,-0.02437278,-0.012596083,-0.635518,-1.069577,0.490484
noise_aug,worn,ch0_tooth_rms_cv,0.39760559,0.40717831,0.0095727137,0.329459,0.024076,0.611938
noise_aug,worn,ch0_tpf_amp_ratio,0.0030529902,0.0036690056,0.00061601543,0.435766,0.201774,0.568512
noise_aug,worn,ch1_band0_frac,0.65669002,0.46979264,-0.18689739,-0.290731,-0.284605,0.226471
noise_aug,worn,ch1_band1_frac,0.022030967,0.070203454,0.048172487,0.579212,2.186581,0.433391
noise_aug,worn,ch1_band2_frac,0.083980745,0.12864459,0.044663845,0.285397,0.531834,0.326817
noise_aug,worn,ch1_band3_frac,0.00017600102,0.10411467,0.10393867,387.316887,590.557188,0.113841
noise_aug,worn,ch1_band4_frac,6.3335488e-05,0.096081079,0.096017744,685.787582,1516.018031,0.056920
noise_aug,worn,ch1_band5_frac,4.343938e-05,0.083851136,0.083807697,927.050279,1929.302277,0.003460
noise_aug,worn,ch1_crest,1.0387061,1.1117153,0.073009253,1.733454,0.070289,0.401384
noise_aug,worn,ch1_kurtosis,2.371822,2.644904,0.27308203,0.369084,0.115136,0.970588
noise_aug,worn,ch1_rms,6.5480722,5.4339667,-1.1141055,-0.330461,-0.170143,0.478720
noise_aug,worn,ch1_skewness,-0.031065346,-9.3032589e-05,0.030972314,0.174295,0.997005,0.777682
noise_aug,worn,ch1_tooth_rms_cv,0.017993949,0.037285811,0.019291863,0.822763,1.072131,0.620415
noise_aug,worn,ch1_tpf_amp_ratio,0.00058047516,0.016998952,0.016418477,15.517782,28.284547,0.114014
noise_aug,worn,ch2_band0_frac,0.016298047,0.020046958,0.0037489106,0.196067,0.230022,0.731315
noise_aug,worn,ch2_band1_frac,0.16039355,0.19185017,0.031456626,0.192779,0.196122,0.425260
noise_aug,worn,ch2_band2_frac,0.29373118,0.23665166,-0.057079512,-0.279053,-0.194326,0.434083
noise_aug,worn,ch2_band3_frac,0.10298489,0.14701404,0.044029149,0.622390,0.427530,0.507958
noise_aug,worn,ch2_band4_frac,0.23902639,0.22594052,-0.013085877,-0.053383,-0.054747,0.356228
noise_aug,worn,ch2_band5_frac,0.013238743,0.016857865,0.0036191224,0.488429,0.273374,0.742215
noise_aug,worn,ch2_crest,1.374628,1.4520058,0.077377838,0.360317,0.056290,0.627682
noise_aug,worn,ch2_kurtosis,2.6675527,2.7730129,0.10546019,0.237358,0.039534,0.782007
noise_aug,worn,ch2_rms,0.82795875,0.60198304,-0.2259757,-0.618780,-0.272931,0.499135
noise_aug,worn,ch2_skewness,0.018945702,0.17075269,0.15180699,0.359035,8.012740,0.442561
noise_aug,worn,ch2_tooth_rms_cv,0.11990188,0.12885767,0.008955789,0.126334,0.074693,0.691176
noise_aug,worn,ch2_tpf_amp_ratio,0.10006333,0.09925849,-0.0008048363,-0.009962,-0.008043,0.453287
noise_aug,worn,ch3_band0_frac,0.33678739,0.40154621,0.064758814,0.289282,0.192284,0.468858
noise_aug,worn,ch3_band1_frac,0.14046564,0.16726117,0.026795534,0.444315,0.190762,0.423702
noise_aug,worn,ch3_band2_frac,0.1506968,0.1322776,-0.018419196,-0.229157,-0.122227,0.579412
noise_aug,worn,ch3_band3_frac,0.10901849,0.14624735,0.037228857,0.928594,0.341491,0.335640
noise_aug,worn,ch3_band4_frac,0.093754223,0.088484349,-0.0052698732,-0.076021,-0.056209,0.506574
noise_aug,worn,ch3_band5_frac,0.085251241,0.081480245,-0.0037709963,-0.107643,-0.044234,0.521972
noise_aug,worn,ch3_crest,1.1803263,1.214705,0.034378748,0.642981,0.029126,0.533737
noise_aug,worn,ch3_kurtosis,3.8505793,4.8206747,0.97009541,0.675625,0.251935,0.841522
noise_aug,worn,ch3_rms,0.29155255,0.29086641,-0.00068614175,-0.015925,-0.002353,0.488927
noise_aug,worn,ch3_skewness,0.6679819,1.0254683,0.35748642,0.612391,0.535174,0.694118
noise_aug,worn,ch3_tooth_rms_cv,0.035931304,0.040034843,0.0041035389,0.390746,0.114205,0.786505
noise_aug,worn,ch3_tpf_amp_ratio,0.033182067,0.032212449,-0.00096961839,-0.042681,-0.029221,0.670934
noise_aug,worn,ch4_band0_frac,0.082662115,0.072227047,-0.010435068,-0.170382,-0.126238,0.556401
noise_aug,worn,ch4_band1_frac,0.18353008,0.27674306,0.093212974,0.799719,0.507889,0.448097
noise_aug,worn,ch4_band2_frac,0.19056329,0.21606687,0.025503584,0.258693,0.133833,0.454498
noise_aug,worn,ch4_band3_frac,0.13366667,0.12432435,-0.0093423277,-0.167249,-0.069893,0.359689
noise_aug,worn,ch4_band4_frac,0.23987085,0.19640586,-0.04346499,-0.343231,-0.181202,0.419896
noise_aug,worn,ch4_band5_frac,0.043851473,0.047056841,0.0032053677,0.170779,0.073096,0.525087
noise_aug,worn,ch4_crest,1.4638833,1.5031795,0.039296184,0.305049,0.026844,0.618339
noise_aug,worn,ch4_kurtosis,3.1549548,3.1389861,-0.015968724,-0.032267,-0.005061,0.748789
noise_aug,worn,ch4_rms,0.22213867,0.18262157,-0.039517102,-0.592255,-0.177894,0.484083
noise_aug,worn,ch4_skewness,0.45879358,0.36249362,-0.096299968,-0.409701,-0.209898,0.530450
noise_aug,worn,ch4_tooth_rms_cv,0.092819776,0.093248799,0.00042902211,0.016249,0.004622,0.616782
noise_aug,worn,ch4_tpf_amp_ratio,0.09969216,0.092534136,-0.0071580248,-0.109864,-0.071801,0.454844
noise_aug,worn,ch5_band0_frac,0.10096725,0.093331808,-0.0076354461,-0.074939,-0.075623,0.570242
noise_aug,worn,ch5_band1_frac,0.15848011,0.15203481,-0.0064452952,-0.057904,-0.040669,0.425260
noise_aug,worn,ch5_band2_frac,0.20902555,0.284748,0.07572245,0.495569,0.362264,0.480450
noise_aug,worn,ch5_band3_frac,0.12866466,0.10010781,-0.028556853,-0.532072,-0.221948,0.444118
noise_aug,worn,ch5_band4_frac,0.19493272,0.12499668,-0.06993604,-0.481956,-0.358770,0.363149
noise_aug,worn,ch5_band5_frac,0.038745999,0.031727243,-0.0070187562,-0.279517,-0.181148,0.576644
noise_aug,worn,ch5_crest,1.4391154,1.4688057,0.029690288,0.196146,0.020631,0.652768
noise_aug,worn,ch5_kurtosis,3.0646275,3.1611894,0.096561884,0.202506,0.031509,0.715744
noise_aug,worn,ch5_rms,0.27141423,0.2178522,-0.053562028,-0.663218,-0.197344,0.518512
noise_aug,worn,ch5_skewness,0.46580583,0.55184787,0.08604203,0.349087,0.184717,0.530450
noise_aug,worn,ch5_tooth_rms_cv,0.096988144,0.10492831,0.007940162,0.243348,0.081867,0.582872
noise_aug,worn,ch5_tpf_amp_ratio,0.083804966,0.056569986,-0.02723498,-0.489920,-0.324981,0.402768
noise_aug,worn,energy_frac_ch0,0.060060728,0.05907224,-0.00098848818,-0.123421,-0.016458,0.648789
noise_aug,worn,energy_frac_ch1,0.91149112,0.91132051,-0.0001706037,-0.007606,-0.000187,0.622145
noise_aug,worn,energy_frac_ch2,0.01203369,0.015394228,0.0033605374,0.302278,0.279261,0.574048
noise_aug,worn,energy_frac_ch3,0.0018328183,0.0032746573,0.0014418391,1.036956,0.786679,0.593599
noise_aug,worn,energy_frac_ch4,0.0010050075,0.0010073468,2.3393476e-06,0.006293,0.002328,0.661938
noise_aug,worn,energy_frac_ch5,0.0016637536,0.0020545013,0.00039074772,0.374236,0.234859,0.430623
noise_aug,worn,high_band_frac,0.007603618,0.010456312,0.0028526937,0.811572,0.375176,0.559516
noise_aug,worn,total_rms,2.7796699,2.3013286,-0.4783413,-0.340623,-0.172086,0.442388
noise_aug,severe,ch0_band0_frac,0.0038062973,0.0033302094,-0.00047608791,-0.246970,-0.125079,0.574332
noise_aug,severe,ch0_band1_frac,0.98379391,0.98432033,0.00052642148,0.087678,0.000535,0.470856
noise_aug,severe,ch0_band2_frac,0.0021466928,0.0022373899,9.0697046e-05,0.053620,0.042250,0.500267
noise_aug,severe,ch0_band3_frac,0.0025995452,0.0027402253,0.00014068013,0.193145,0.054117,0.638235
noise_aug,severe,ch0_band4_frac,0.0031918333,0.0034411463,0.00024931295,0.226335,0.078110,0.595722
noise_aug,severe,ch0_band5_frac,0.0027958557,0.0030407915,0.00024493582,0.227447,0.087607,0.534225
noise_aug,severe,ch0_crest,1.8477867,1.8605675,0.012780799,0.087697,0.006917,0.624866
noise_aug,severe,ch0_kurtosis,1.5824057,1.5676652,-0.014740477,-0.366710,-0.009315,0.748663
noise_aug,severe,ch0_rms,1.9865755,1.8335691,-0.15300632,-0.193881,-0.077020,0.503743
noise_aug,severe,ch0_skewness,-0.0095735139,-0.0029603703,0.0066131436,0.309086,0.690775,0.584225
noise_aug,severe,ch0_tooth_rms_cv,0.38562701,0.38287841,-0.0027485946,-0.151024,-0.007128,0.704545
noise_aug,severe,ch0_tpf_amp_ratio,0.0025885676,0.0027039945,0.00011542697,0.111029,0.044591,0.580481
noise_aug,severe,ch1_band0_frac,0.44006322,0.12726071,-0.3128025,-0.514004,-0.710813,0.207754
noise_aug,severe,ch1_band1_frac,0.017547799,0.085272928,0.06772513,0.541467,3.859466,0.279947
noise_aug,severe,ch1_band2_frac,0.1531992,0.16151288,0.008313684,0.033541,0.054267,0.306684
noise_aug,severe,ch1_band3_frac,0.00017953859,0.17598459,0.17580505,578.303227,979.204801,0.050000
noise_aug,severe,ch1_band4_frac,7.6755411e-05,0.19238346,0.1923067,1477.208648,2505.448082,0.050000
noise_aug,severe,ch1_band5_frac,4.7754056e-05,0.12374614,0.12369838,1696.541541,2590.321981,0.050000
noise_aug,severe,ch1_crest,1.0278484,1.04966,0.021811627,0.481016,0.021221,0.550000
noise_aug,severe,ch1_kurtosis,2.4190613,2.8522495,0.43318813,0.703443,0.179073,0.989305
noise_aug,severe,ch1_rms,7.8392894,7.2220744,-0.61721496,-0.226991,-0.078734,0.362834
noise_aug,severe,ch1_skewness,0,-0.067645062,-0.067645062,-0.411009,-67645061828.827209,0.907487
noise_aug,severe,ch1_tooth_rms_cv,0.013223328,0.012822391,-0.00040093617,-0.018969,-0.030320,0.774599
noise_aug,severe,ch1_tpf_amp_ratio,0.00070261043,0.036944112,0.036241501,23.850420,51.581218,0.066043
noise_aug,severe,ch2_band0_frac,0.017492668,0.0156008,-0.0018918684,-0.145590,-0.108152,0.892513
noise_aug,severe,ch2_band1_frac,0.11771534,0.088225146,-0.029490196,-0.188935,-0.250521,0.517112
noise_aug,severe,ch2_band2_frac,0.23737857,0.17578229,-0.061596282,-0.434771,-0.259485,0.449465
noise_aug,severe,ch2_band3_frac,0.12718365,0.1152614,-0.011922253,-0.139632,-0.093740,0.465508
noise_aug,severe,ch2_band4_frac,0.25718348,0.24967796,-0.0075055196,-0.034135,-0.029184,0.443850
noise_aug,severe,ch2_band5_frac,0.014675545,0.014743066,6.752075e-05,0.007495,0.004601,0.714171
noise_aug,severe,ch2_crest,1.383765,1.3174388,-0.066326202,-0.299665,-0.047932,0.829412
noise_aug,severe,ch2_kurtosis,2.839591,2.9511987,0.11160768,0.234745,0.039304,0.809626
noise_aug,severe,ch2_rms,0.78906404,0.73714484,-0.051919191,-0.134047,-0.065798,0.549198
noise_aug,severe,ch2_skewness,0.024741894,-0.18287301,-0.2076149,-0.440200,-8.391229,0.651337
noise_aug,severe,ch2_tooth_rms_cv,0.10083669,0.10320152,0.0023648339,0.047917,0.023452,0.783155
noise_aug,severe,ch2_tpf_amp_ratio,0.10805579,0.11984244,0.01178665,0.126107,0.109079,0.383422
noise_aug,severe,ch3_band0_frac,0.4363322,0.39621775,-0.040114455,-0.347170,-0.091936,0.395722
noise_aug,severe,ch3_band1_frac,0.12724952,0.14247076,0.015221237,0.332184,0.119617,0.477807
noise_aug,severe,ch3_band2_frac,0.12502914,0.13254881,0.0075196746,0.183543,0.060143,0.593048
noise_aug,severe,ch3_band3_frac,0.10894048,0.11266296,0.0037224791,0.115259,0.034170,0.639305
noise_aug,severe,ch3_band4_frac,0.083367948,0.091113969,0.0077460209,0.262690,0.092914,0.673529
noise_aug,severe,ch3_band5_frac,0.093467763,0.098401126,0.0049333635,0.217648,0.052781,0.572460
noise_aug,severe,ch3_crest,1.1802526,1.1772589,-0.0029937007,-0.038108,-0.002536,0.796791
noise_aug,severe,ch3_kurtosis,4.2637313,4.4387363,0.17500496,0.094329,0.041045,0.879679
noise_aug,severe,ch3_rms,0.27148575,0.2826364,0.011150641,0.834767,0.041073,0.420321
noise_aug,severe,ch3_skewness,0.88736119,0.86868192,-0.018679271,-0.039570,-0.021050,0.807754
noise_aug,severe,ch3_tooth_rms_cv,0.034447526,0.034608823,0.00016129645,0.018096,0.004682,0.880214
noise_aug,severe,ch3_tpf_amp_ratio,0.028322119,0.024456567,-0.003865552,-0.228599,-0.136485,0.594652
noise_aug,severe,ch4_band0_frac,0.078179338,0.068939784,-0.0092395535,-0.102318,-0.118184,0.658021
noise_aug,severe,ch4_band1_frac,0.17078561,0.16877025,-0.0020153633,-0.018860,-0.011801,0.452941
noise_aug,severe,ch4_band2_frac,0.16905695,0.1856351,0.016578154,0.188948,0.098063,0.594920
noise_aug,severe,ch4_band3_frac,0.11869843,0.11245053,-0.0062478982,-0.116190,-0.052637,0.544652
noise_aug,severe,ch4_band4_frac,0.31382745,0.31487503,0.0010475816,0.007185,0.003338,0.478075
noise_aug,severe,ch4_band5_frac,0.038831159,0.047008296,0.0081771368,0.485643,0.210582,0.635294
noise_aug,severe,ch4_crest,1.4736626,1.4390039,-0.034658616,-0.234041,-0.023519,0.899733
noise_aug,severe,ch4_kurtosis,3.0820956,3.0165547,-0.065540972,-0.124636,-0.021265,0.943850
noise_aug,severe,ch4_rms,0.22644584,0.19289921,-0.033546626,-0.448738,-0.148144,0.442246
noise_aug,severe,ch4_skewness,0.47984424,0.52125872,0.041414478,0.148822,0.086308,0.764973
noise_aug,severe,ch4_tooth_rms_cv,0.090909472,0.078625783,-0.012283689,-0.518561,-0.135120,0.634225
noise_aug,severe,ch4_tpf_amp_ratio,0.12756172,0.130253,0.0026912767,0.032575,0.021098,0.506417
noise_aug,severe,ch5_band0_frac,0.10491998,0.070872341,-0.034047644,-0.225662,-0.324511,0.598396
noise_aug,severe,ch5_band1_frac,0.1260663,0.12911265,0.0030463498,0.042069,0.024165,0.507487
noise_aug,severe,ch5_band2_frac,0.16424447,0.19942699,0.035182517,0.351721,0.214208,0.491444
noise_aug,severe,ch5_band3_frac,0.11588483,0.13583007,0.019945249,0.417534,0.172113,0.540374
noise_aug,severe,ch5_band4_frac,0.30545003,0.26875024,-0.036699792,-0.231508,-0.120150,0.406684
noise_aug,severe,ch5_band5_frac,0.040969138,0.050336208,0.0093670698,0.364490,0.228637,0.562032
noise_aug,severe,ch5_crest,1.4835469,1.4286118,-0.054935125,-0.229597,-0.037030,0.467380
noise_aug,severe,ch5_kurtosis,3.0960516,3.0117961,-0.084255522,-0.121425,-0.027214,0.857487
noise_aug,severe,ch5_rms,0.26161945,0.22963492,-0.031984529,-0.283125,-0.122256,0.709091
noise_aug,severe,ch5_skewness,0.53375757,0.52091064,-0.012846933,-0.032368,-0.024069,0.552674
noise_aug,severe,ch5_tooth_rms_cv,0.092870147,0.088139307,-0.0047308394,-0.094080,-0.050940,0.510695
noise_aug,severe,ch5_tpf_amp_ratio,0.10717617,0.076956676,-0.030219497,-0.337357,-0.281961,0.373529
noise_aug,severe,energy_frac_ch0,0.060117685,0.065583128,0.0054654435,0.671640,0.090912,0.506684
noise_aug,severe,energy_frac_ch1,0.91886032,0.91875382,-0.00010649985,-0.004327,-0.000116,0.572727
noise_aug,severe,energy_frac_ch2,0.0080881008,0.0059502316,-0.0021378692,-0.226020,-0.264323,0.653476
noise_aug,severe,energy_frac_ch3,0.0010628536,0.0012635264,0.00020067282,0.241467,0.188806,0.683690
noise_aug,severe,energy_frac_ch4,0.00094984231,0.00089578679,-5.4055524e-05,-0.088394,-0.056910,0.793583
noise_aug,severe,energy_frac_ch5,0.0012894378,0.0010041293,-0.00028530849,-0.245237,-0.221266,0.877273
noise_aug,severe,high_band_frac,0.0076498361,0.0087541601,0.001104324,0.361755,0.144359,0.640909
noise_aug,severe,total_rms,3.3177083,3.0567785,-0.26092986,-0.231291,-0.078648,0.489572
